[0.134s] DEBUG:colcon:Command line arguments: ['/usr/bin/colcon', 'build']
[0.134s] DEBUG:colcon:Parsed command line arguments: Namespace(log_base=None, log_level=None, verb_name='build', build_base='build', install_base='install', merge_install=False, symlink_install=False, test_result_base=None, continue_on_error=False, executor='parallel', parallel_workers=22, event_handlers=None, ignore_user_meta=False, metas=['./colcon.meta'], base_paths=['.'], packages_ignore=None, packages_ignore_regex=None, paths=None, packages_up_to=None, packages_up_to_regex=None, packages_above=None, packages_above_and_dependencies=None, packages_above_depth=None, packages_select_by_dep=None, packages_skip_by_dep=None, packages_skip_up_to=None, packages_select_build_failed=False, packages_skip_build_finished=False, packages_select_test_failures=False, packages_skip_test_passed=False, packages_select=None, packages_skip=None, packages_select_regex=None, packages_skip_regex=None, packages_start=None, packages_end=None, allow_overriding=[], cmake_args=None, cmake_target=None, cmake_target_skip_unavailable=False, cmake_clean_cache=False, cmake_clean_first=False, cmake_force_configure=False, ament_cmake_args=None, catkin_cmake_args=None, catkin_skip_building_tests=False, verb_parser=<colcon_defaults.argument_parser.defaults.DefaultArgumentsDecorator object at 0x77f792c51360>, verb_extension=<colcon_core.verb.build.BuildVerb object at 0x77f792c50df0>, main=<bound method BuildVerb.main of <colcon_core.verb.build.BuildVerb object at 0x77f792c50df0>>)
[0.297s] Level 1:colcon.colcon_core.package_discovery:discover_packages(colcon_meta) check parameters
[0.297s] Level 1:colcon.colcon_core.package_discovery:discover_packages(recursive) check parameters
[0.297s] Level 1:colcon.colcon_core.package_discovery:discover_packages(ignore) check parameters
[0.297s] Level 1:colcon.colcon_core.package_discovery:discover_packages(path) check parameters
[0.297s] Level 1:colcon.colcon_core.package_discovery:discover_packages(colcon_meta) discover
[0.297s] Level 1:colcon.colcon_core.package_discovery:discover_packages(recursive) discover
[0.297s] INFO:colcon.colcon_core.package_discovery:Crawling recursively for packages in '/home/spaaaaace/Code/mid70/2025_radar_station'
[0.297s] Level 1:colcon.colcon_core.package_identification:_identify(.) by extensions ['ignore', 'ignore_ament_install']
[0.297s] Level 1:colcon.colcon_core.package_identification:_identify(.) by extension 'ignore'
[0.297s] Level 1:colcon.colcon_core.package_identification:_identify(.) by extension 'ignore_ament_install'
[0.297s] Level 1:colcon.colcon_core.package_identification:_identify(.) by extensions ['colcon_pkg']
[0.297s] Level 1:colcon.colcon_core.package_identification:_identify(.) by extension 'colcon_pkg'
[0.297s] Level 1:colcon.colcon_core.package_identification:_identify(.) by extensions ['colcon_meta']
[0.297s] Level 1:colcon.colcon_core.package_identification:_identify(.) by extension 'colcon_meta'
[0.297s] Level 1:colcon.colcon_core.package_identification:_identify(.) by extensions ['ros']
[0.297s] Level 1:colcon.colcon_core.package_identification:_identify(.) by extension 'ros'
[0.306s] Level 1:colcon.colcon_core.package_identification:_identify(.) by extensions ['cmake', 'python']
[0.306s] Level 1:colcon.colcon_core.package_identification:_identify(.) by extension 'cmake'
[0.306s] Level 1:colcon.colcon_core.package_identification:_identify(.) by extension 'python'
[0.306s] Level 1:colcon.colcon_core.package_identification:_identify(.) by extensions ['python_setup_py']
[0.306s] Level 1:colcon.colcon_core.package_identification:_identify(.) by extension 'python_setup_py'
[0.306s] Level 1:colcon.colcon_core.package_identification:_identify(build) by extensions ['ignore', 'ignore_ament_install']
[0.306s] Level 1:colcon.colcon_core.package_identification:_identify(build) by extension 'ignore'
[0.306s] Level 1:colcon.colcon_core.package_identification:_identify(build) ignored
[0.306s] Level 1:colcon.colcon_core.package_identification:_identify(doc) by extensions ['ignore', 'ignore_ament_install']
[0.306s] Level 1:colcon.colcon_core.package_identification:_identify(doc) by extension 'ignore'
[0.306s] Level 1:colcon.colcon_core.package_identification:_identify(doc) by extension 'ignore_ament_install'
[0.306s] Level 1:colcon.colcon_core.package_identification:_identify(doc) by extensions ['colcon_pkg']
[0.306s] Level 1:colcon.colcon_core.package_identification:_identify(doc) by extension 'colcon_pkg'
[0.306s] Level 1:colcon.colcon_core.package_identification:_identify(doc) by extensions ['colcon_meta']
[0.306s] Level 1:colcon.colcon_core.package_identification:_identify(doc) by extension 'colcon_meta'
[0.306s] Level 1:colcon.colcon_core.package_identification:_identify(doc) by extensions ['ros']
[0.306s] Level 1:colcon.colcon_core.package_identification:_identify(doc) by extension 'ros'
[0.306s] Level 1:colcon.colcon_core.package_identification:_identify(doc) by extensions ['cmake', 'python']
[0.306s] Level 1:colcon.colcon_core.package_identification:_identify(doc) by extension 'cmake'
[0.306s] Level 1:colcon.colcon_core.package_identification:_identify(doc) by extension 'python'
[0.306s] Level 1:colcon.colcon_core.package_identification:_identify(doc) by extensions ['python_setup_py']
[0.306s] Level 1:colcon.colcon_core.package_identification:_identify(doc) by extension 'python_setup_py'
[0.306s] Level 1:colcon.colcon_core.package_identification:_identify(env) by extensions ['ignore', 'ignore_ament_install']
[0.306s] Level 1:colcon.colcon_core.package_identification:_identify(env) by extension 'ignore'
[0.306s] Level 1:colcon.colcon_core.package_identification:_identify(env) by extension 'ignore_ament_install'
[0.306s] Level 1:colcon.colcon_core.package_identification:_identify(env) by extensions ['colcon_pkg']
[0.306s] Level 1:colcon.colcon_core.package_identification:_identify(env) by extension 'colcon_pkg'
[0.306s] Level 1:colcon.colcon_core.package_identification:_identify(env) by extensions ['colcon_meta']
[0.306s] Level 1:colcon.colcon_core.package_identification:_identify(env) by extension 'colcon_meta'
[0.306s] Level 1:colcon.colcon_core.package_identification:_identify(env) by extensions ['ros']
[0.306s] Level 1:colcon.colcon_core.package_identification:_identify(env) by extension 'ros'
[0.306s] Level 1:colcon.colcon_core.package_identification:_identify(env) by extensions ['cmake', 'python']
[0.306s] Level 1:colcon.colcon_core.package_identification:_identify(env) by extension 'cmake'
[0.306s] Level 1:colcon.colcon_core.package_identification:_identify(env) by extension 'python'
[0.306s] Level 1:colcon.colcon_core.package_identification:_identify(env) by extensions ['python_setup_py']
[0.306s] Level 1:colcon.colcon_core.package_identification:_identify(env) by extension 'python_setup_py'
[0.306s] Level 1:colcon.colcon_core.package_identification:_identify(env/opencv) by extensions ['ignore', 'ignore_ament_install']
[0.307s] Level 1:colcon.colcon_core.package_identification:_identify(env/opencv) by extension 'ignore'
[0.307s] Level 1:colcon.colcon_core.package_identification:_identify(env/opencv) by extension 'ignore_ament_install'
[0.307s] Level 1:colcon.colcon_core.package_identification:_identify(env/opencv) by extensions ['colcon_pkg']
[0.307s] Level 1:colcon.colcon_core.package_identification:_identify(env/opencv) by extension 'colcon_pkg'
[0.307s] Level 1:colcon.colcon_core.package_identification:_identify(env/opencv) by extensions ['colcon_meta']
[0.307s] Level 1:colcon.colcon_core.package_identification:_identify(env/opencv) by extension 'colcon_meta'
[0.307s] Level 1:colcon.colcon_core.package_identification:_identify(env/opencv) by extensions ['ros']
[0.307s] Level 1:colcon.colcon_core.package_identification:_identify(env/opencv) by extension 'ros'
[0.307s] Level 1:colcon.colcon_core.package_identification:_identify(env/opencv) by extensions ['cmake', 'python']
[0.307s] Level 1:colcon.colcon_core.package_identification:_identify(env/opencv) by extension 'cmake'
[0.307s] Level 1:colcon.colcon_core.package_identification:_identify(env/opencv) by extension 'python'
[0.307s] Level 1:colcon.colcon_core.package_identification:_identify(env/opencv) by extensions ['python_setup_py']
[0.307s] Level 1:colcon.colcon_core.package_identification:_identify(env/opencv) by extension 'python_setup_py'
[0.307s] Level 1:colcon.colcon_core.package_identification:_identify(env/opencv/install) by extensions ['ignore', 'ignore_ament_install']
[0.307s] Level 1:colcon.colcon_core.package_identification:_identify(env/opencv/install) by extension 'ignore'
[0.307s] Level 1:colcon.colcon_core.package_identification:_identify(env/opencv/install) by extension 'ignore_ament_install'
[0.307s] Level 1:colcon.colcon_core.package_identification:_identify(env/opencv/install) by extensions ['colcon_pkg']
[0.307s] Level 1:colcon.colcon_core.package_identification:_identify(env/opencv/install) by extension 'colcon_pkg'
[0.307s] Level 1:colcon.colcon_core.package_identification:_identify(env/opencv/install) by extensions ['colcon_meta']
[0.307s] Level 1:colcon.colcon_core.package_identification:_identify(env/opencv/install) by extension 'colcon_meta'
[0.307s] Level 1:colcon.colcon_core.package_identification:_identify(env/opencv/install) by extensions ['ros']
[0.307s] Level 1:colcon.colcon_core.package_identification:_identify(env/opencv/install) by extension 'ros'
[0.307s] Level 1:colcon.colcon_core.package_identification:_identify(env/opencv/install) by extensions ['cmake', 'python']
[0.307s] Level 1:colcon.colcon_core.package_identification:_identify(env/opencv/install) by extension 'cmake'
[0.307s] Level 1:colcon.colcon_core.package_identification:_identify(env/opencv/install) by extension 'python'
[0.307s] Level 1:colcon.colcon_core.package_identification:_identify(env/opencv/install) by extensions ['python_setup_py']
[0.307s] Level 1:colcon.colcon_core.package_identification:_identify(env/opencv/install) by extension 'python_setup_py'
[0.307s] Level 1:colcon.colcon_core.package_identification:_identify(env/opencv/install/bin) by extensions ['ignore', 'ignore_ament_install']
[0.307s] Level 1:colcon.colcon_core.package_identification:_identify(env/opencv/install/bin) by extension 'ignore'
[0.307s] Level 1:colcon.colcon_core.package_identification:_identify(env/opencv/install/bin) by extension 'ignore_ament_install'
[0.307s] Level 1:colcon.colcon_core.package_identification:_identify(env/opencv/install/bin) by extensions ['colcon_pkg']
[0.307s] Level 1:colcon.colcon_core.package_identification:_identify(env/opencv/install/bin) by extension 'colcon_pkg'
[0.307s] Level 1:colcon.colcon_core.package_identification:_identify(env/opencv/install/bin) by extensions ['colcon_meta']
[0.307s] Level 1:colcon.colcon_core.package_identification:_identify(env/opencv/install/bin) by extension 'colcon_meta'
[0.307s] Level 1:colcon.colcon_core.package_identification:_identify(env/opencv/install/bin) by extensions ['ros']
[0.307s] Level 1:colcon.colcon_core.package_identification:_identify(env/opencv/install/bin) by extension 'ros'
[0.307s] Level 1:colcon.colcon_core.package_identification:_identify(env/opencv/install/bin) by extensions ['cmake', 'python']
[0.307s] Level 1:colcon.colcon_core.package_identification:_identify(env/opencv/install/bin) by extension 'cmake'
[0.307s] Level 1:colcon.colcon_core.package_identification:_identify(env/opencv/install/bin) by extension 'python'
[0.307s] Level 1:colcon.colcon_core.package_identification:_identify(env/opencv/install/bin) by extensions ['python_setup_py']
[0.307s] Level 1:colcon.colcon_core.package_identification:_identify(env/opencv/install/bin) by extension 'python_setup_py'
[0.307s] Level 1:colcon.colcon_core.package_identification:_identify(env/opencv/install/include) by extensions ['ignore', 'ignore_ament_install']
[0.307s] Level 1:colcon.colcon_core.package_identification:_identify(env/opencv/install/include) by extension 'ignore'
[0.307s] Level 1:colcon.colcon_core.package_identification:_identify(env/opencv/install/include) by extension 'ignore_ament_install'
[0.307s] Level 1:colcon.colcon_core.package_identification:_identify(env/opencv/install/include) by extensions ['colcon_pkg']
[0.308s] Level 1:colcon.colcon_core.package_identification:_identify(env/opencv/install/include) by extension 'colcon_pkg'
[0.308s] Level 1:colcon.colcon_core.package_identification:_identify(env/opencv/install/include) by extensions ['colcon_meta']
[0.308s] Level 1:colcon.colcon_core.package_identification:_identify(env/opencv/install/include) by extension 'colcon_meta'
[0.308s] Level 1:colcon.colcon_core.package_identification:_identify(env/opencv/install/include) by extensions ['ros']
[0.308s] Level 1:colcon.colcon_core.package_identification:_identify(env/opencv/install/include) by extension 'ros'
[0.308s] Level 1:colcon.colcon_core.package_identification:_identify(env/opencv/install/include) by extensions ['cmake', 'python']
[0.308s] Level 1:colcon.colcon_core.package_identification:_identify(env/opencv/install/include) by extension 'cmake'
[0.308s] Level 1:colcon.colcon_core.package_identification:_identify(env/opencv/install/include) by extension 'python'
[0.308s] Level 1:colcon.colcon_core.package_identification:_identify(env/opencv/install/include) by extensions ['python_setup_py']
[0.308s] Level 1:colcon.colcon_core.package_identification:_identify(env/opencv/install/include) by extension 'python_setup_py'
[0.308s] Level 1:colcon.colcon_core.package_identification:_identify(env/opencv/install/include/opencv4) by extensions ['ignore', 'ignore_ament_install']
[0.308s] Level 1:colcon.colcon_core.package_identification:_identify(env/opencv/install/include/opencv4) by extension 'ignore'
[0.308s] Level 1:colcon.colcon_core.package_identification:_identify(env/opencv/install/include/opencv4) by extension 'ignore_ament_install'
[0.308s] Level 1:colcon.colcon_core.package_identification:_identify(env/opencv/install/include/opencv4) by extensions ['colcon_pkg']
[0.308s] Level 1:colcon.colcon_core.package_identification:_identify(env/opencv/install/include/opencv4) by extension 'colcon_pkg'
[0.308s] Level 1:colcon.colcon_core.package_identification:_identify(env/opencv/install/include/opencv4) by extensions ['colcon_meta']
[0.308s] Level 1:colcon.colcon_core.package_identification:_identify(env/opencv/install/include/opencv4) by extension 'colcon_meta'
[0.308s] Level 1:colcon.colcon_core.package_identification:_identify(env/opencv/install/include/opencv4) by extensions ['ros']
[0.308s] Level 1:colcon.colcon_core.package_identification:_identify(env/opencv/install/include/opencv4) by extension 'ros'
[0.308s] Level 1:colcon.colcon_core.package_identification:_identify(env/opencv/install/include/opencv4) by extensions ['cmake', 'python']
[0.308s] Level 1:colcon.colcon_core.package_identification:_identify(env/opencv/install/include/opencv4) by extension 'cmake'
[0.308s] Level 1:colcon.colcon_core.package_identification:_identify(env/opencv/install/include/opencv4) by extension 'python'
[0.308s] Level 1:colcon.colcon_core.package_identification:_identify(env/opencv/install/include/opencv4) by extensions ['python_setup_py']
[0.308s] Level 1:colcon.colcon_core.package_identification:_identify(env/opencv/install/include/opencv4) by extension 'python_setup_py'
[0.308s] Level 1:colcon.colcon_core.package_identification:_identify(env/opencv/install/include/opencv4/opencv2) by extensions ['ignore', 'ignore_ament_install']
[0.308s] Level 1:colcon.colcon_core.package_identification:_identify(env/opencv/install/include/opencv4/opencv2) by extension 'ignore'
[0.308s] Level 1:colcon.colcon_core.package_identification:_identify(env/opencv/install/include/opencv4/opencv2) by extension 'ignore_ament_install'
[0.308s] Level 1:colcon.colcon_core.package_identification:_identify(env/opencv/install/include/opencv4/opencv2) by extensions ['colcon_pkg']
[0.308s] Level 1:colcon.colcon_core.package_identification:_identify(env/opencv/install/include/opencv4/opencv2) by extension 'colcon_pkg'
[0.308s] Level 1:colcon.colcon_core.package_identification:_identify(env/opencv/install/include/opencv4/opencv2) by extensions ['colcon_meta']
[0.308s] Level 1:colcon.colcon_core.package_identification:_identify(env/opencv/install/include/opencv4/opencv2) by extension 'colcon_meta'
[0.308s] Level 1:colcon.colcon_core.package_identification:_identify(env/opencv/install/include/opencv4/opencv2) by extensions ['ros']
[0.308s] Level 1:colcon.colcon_core.package_identification:_identify(env/opencv/install/include/opencv4/opencv2) by extension 'ros'
[0.308s] Level 1:colcon.colcon_core.package_identification:_identify(env/opencv/install/include/opencv4/opencv2) by extensions ['cmake', 'python']
[0.308s] Level 1:colcon.colcon_core.package_identification:_identify(env/opencv/install/include/opencv4/opencv2) by extension 'cmake'
[0.308s] Level 1:colcon.colcon_core.package_identification:_identify(env/opencv/install/include/opencv4/opencv2) by extension 'python'
[0.308s] Level 1:colcon.colcon_core.package_identification:_identify(env/opencv/install/include/opencv4/opencv2) by extensions ['python_setup_py']
[0.308s] Level 1:colcon.colcon_core.package_identification:_identify(env/opencv/install/include/opencv4/opencv2) by extension 'python_setup_py'
[0.308s] Level 1:colcon.colcon_core.package_identification:_identify(env/opencv/install/include/opencv4/opencv2/aruco) by extensions ['ignore', 'ignore_ament_install']
[0.308s] Level 1:colcon.colcon_core.package_identification:_identify(env/opencv/install/include/opencv4/opencv2/aruco) by extension 'ignore'
[0.309s] Level 1:colcon.colcon_core.package_identification:_identify(env/opencv/install/include/opencv4/opencv2/aruco) by extension 'ignore_ament_install'
[0.309s] Level 1:colcon.colcon_core.package_identification:_identify(env/opencv/install/include/opencv4/opencv2/aruco) by extensions ['colcon_pkg']
[0.309s] Level 1:colcon.colcon_core.package_identification:_identify(env/opencv/install/include/opencv4/opencv2/aruco) by extension 'colcon_pkg'
[0.309s] Level 1:colcon.colcon_core.package_identification:_identify(env/opencv/install/include/opencv4/opencv2/aruco) by extensions ['colcon_meta']
[0.309s] Level 1:colcon.colcon_core.package_identification:_identify(env/opencv/install/include/opencv4/opencv2/aruco) by extension 'colcon_meta'
[0.309s] Level 1:colcon.colcon_core.package_identification:_identify(env/opencv/install/include/opencv4/opencv2/aruco) by extensions ['ros']
[0.309s] Level 1:colcon.colcon_core.package_identification:_identify(env/opencv/install/include/opencv4/opencv2/aruco) by extension 'ros'
[0.309s] Level 1:colcon.colcon_core.package_identification:_identify(env/opencv/install/include/opencv4/opencv2/aruco) by extensions ['cmake', 'python']
[0.309s] Level 1:colcon.colcon_core.package_identification:_identify(env/opencv/install/include/opencv4/opencv2/aruco) by extension 'cmake'
[0.309s] Level 1:colcon.colcon_core.package_identification:_identify(env/opencv/install/include/opencv4/opencv2/aruco) by extension 'python'
[0.309s] Level 1:colcon.colcon_core.package_identification:_identify(env/opencv/install/include/opencv4/opencv2/aruco) by extensions ['python_setup_py']
[0.309s] Level 1:colcon.colcon_core.package_identification:_identify(env/opencv/install/include/opencv4/opencv2/aruco) by extension 'python_setup_py'
[0.309s] Level 1:colcon.colcon_core.package_identification:_identify(env/opencv/install/include/opencv4/opencv2/bioinspired) by extensions ['ignore', 'ignore_ament_install']
[0.309s] Level 1:colcon.colcon_core.package_identification:_identify(env/opencv/install/include/opencv4/opencv2/bioinspired) by extension 'ignore'
[0.309s] Level 1:colcon.colcon_core.package_identification:_identify(env/opencv/install/include/opencv4/opencv2/bioinspired) by extension 'ignore_ament_install'
[0.309s] Level 1:colcon.colcon_core.package_identification:_identify(env/opencv/install/include/opencv4/opencv2/bioinspired) by extensions ['colcon_pkg']
[0.309s] Level 1:colcon.colcon_core.package_identification:_identify(env/opencv/install/include/opencv4/opencv2/bioinspired) by extension 'colcon_pkg'
[0.309s] Level 1:colcon.colcon_core.package_identification:_identify(env/opencv/install/include/opencv4/opencv2/bioinspired) by extensions ['colcon_meta']
[0.309s] Level 1:colcon.colcon_core.package_identification:_identify(env/opencv/install/include/opencv4/opencv2/bioinspired) by extension 'colcon_meta'
[0.309s] Level 1:colcon.colcon_core.package_identification:_identify(env/opencv/install/include/opencv4/opencv2/bioinspired) by extensions ['ros']
[0.309s] Level 1:colcon.colcon_core.package_identification:_identify(env/opencv/install/include/opencv4/opencv2/bioinspired) by extension 'ros'
[0.309s] Level 1:colcon.colcon_core.package_identification:_identify(env/opencv/install/include/opencv4/opencv2/bioinspired) by extensions ['cmake', 'python']
[0.309s] Level 1:colcon.colcon_core.package_identification:_identify(env/opencv/install/include/opencv4/opencv2/bioinspired) by extension 'cmake'
[0.309s] Level 1:colcon.colcon_core.package_identification:_identify(env/opencv/install/include/opencv4/opencv2/bioinspired) by extension 'python'
[0.309s] Level 1:colcon.colcon_core.package_identification:_identify(env/opencv/install/include/opencv4/opencv2/bioinspired) by extensions ['python_setup_py']
[0.309s] Level 1:colcon.colcon_core.package_identification:_identify(env/opencv/install/include/opencv4/opencv2/bioinspired) by extension 'python_setup_py'
[0.309s] Level 1:colcon.colcon_core.package_identification:_identify(env/opencv/install/include/opencv4/opencv2/calib3d) by extensions ['ignore', 'ignore_ament_install']
[0.309s] Level 1:colcon.colcon_core.package_identification:_identify(env/opencv/install/include/opencv4/opencv2/calib3d) by extension 'ignore'
[0.309s] Level 1:colcon.colcon_core.package_identification:_identify(env/opencv/install/include/opencv4/opencv2/calib3d) by extension 'ignore_ament_install'
[0.309s] Level 1:colcon.colcon_core.package_identification:_identify(env/opencv/install/include/opencv4/opencv2/calib3d) by extensions ['colcon_pkg']
[0.309s] Level 1:colcon.colcon_core.package_identification:_identify(env/opencv/install/include/opencv4/opencv2/calib3d) by extension 'colcon_pkg'
[0.309s] Level 1:colcon.colcon_core.package_identification:_identify(env/opencv/install/include/opencv4/opencv2/calib3d) by extensions ['colcon_meta']
[0.309s] Level 1:colcon.colcon_core.package_identification:_identify(env/opencv/install/include/opencv4/opencv2/calib3d) by extension 'colcon_meta'
[0.309s] Level 1:colcon.colcon_core.package_identification:_identify(env/opencv/install/include/opencv4/opencv2/calib3d) by extensions ['ros']
[0.309s] Level 1:colcon.colcon_core.package_identification:_identify(env/opencv/install/include/opencv4/opencv2/calib3d) by extension 'ros'
[0.309s] Level 1:colcon.colcon_core.package_identification:_identify(env/opencv/install/include/opencv4/opencv2/calib3d) by extensions ['cmake', 'python']
[0.309s] Level 1:colcon.colcon_core.package_identification:_identify(env/opencv/install/include/opencv4/opencv2/calib3d) by extension 'cmake'
[0.309s] Level 1:colcon.colcon_core.package_identification:_identify(env/opencv/install/include/opencv4/opencv2/calib3d) by extension 'python'
[0.309s] Level 1:colcon.colcon_core.package_identification:_identify(env/opencv/install/include/opencv4/opencv2/calib3d) by extensions ['python_setup_py']
[0.309s] Level 1:colcon.colcon_core.package_identification:_identify(env/opencv/install/include/opencv4/opencv2/calib3d) by extension 'python_setup_py'
[0.309s] Level 1:colcon.colcon_core.package_identification:_identify(env/opencv/install/include/opencv4/opencv2/ccalib) by extensions ['ignore', 'ignore_ament_install']
[0.310s] Level 1:colcon.colcon_core.package_identification:_identify(env/opencv/install/include/opencv4/opencv2/ccalib) by extension 'ignore'
[0.310s] Level 1:colcon.colcon_core.package_identification:_identify(env/opencv/install/include/opencv4/opencv2/ccalib) by extension 'ignore_ament_install'
[0.310s] Level 1:colcon.colcon_core.package_identification:_identify(env/opencv/install/include/opencv4/opencv2/ccalib) by extensions ['colcon_pkg']
[0.310s] Level 1:colcon.colcon_core.package_identification:_identify(env/opencv/install/include/opencv4/opencv2/ccalib) by extension 'colcon_pkg'
[0.310s] Level 1:colcon.colcon_core.package_identification:_identify(env/opencv/install/include/opencv4/opencv2/ccalib) by extensions ['colcon_meta']
[0.310s] Level 1:colcon.colcon_core.package_identification:_identify(env/opencv/install/include/opencv4/opencv2/ccalib) by extension 'colcon_meta'
[0.310s] Level 1:colcon.colcon_core.package_identification:_identify(env/opencv/install/include/opencv4/opencv2/ccalib) by extensions ['ros']
[0.310s] Level 1:colcon.colcon_core.package_identification:_identify(env/opencv/install/include/opencv4/opencv2/ccalib) by extension 'ros'
[0.310s] Level 1:colcon.colcon_core.package_identification:_identify(env/opencv/install/include/opencv4/opencv2/ccalib) by extensions ['cmake', 'python']
[0.310s] Level 1:colcon.colcon_core.package_identification:_identify(env/opencv/install/include/opencv4/opencv2/ccalib) by extension 'cmake'
[0.310s] Level 1:colcon.colcon_core.package_identification:_identify(env/opencv/install/include/opencv4/opencv2/ccalib) by extension 'python'
[0.310s] Level 1:colcon.colcon_core.package_identification:_identify(env/opencv/install/include/opencv4/opencv2/ccalib) by extensions ['python_setup_py']
[0.310s] Level 1:colcon.colcon_core.package_identification:_identify(env/opencv/install/include/opencv4/opencv2/ccalib) by extension 'python_setup_py'
[0.310s] Level 1:colcon.colcon_core.package_identification:_identify(env/opencv/install/include/opencv4/opencv2/core) by extensions ['ignore', 'ignore_ament_install']
[0.310s] Level 1:colcon.colcon_core.package_identification:_identify(env/opencv/install/include/opencv4/opencv2/core) by extension 'ignore'
[0.310s] Level 1:colcon.colcon_core.package_identification:_identify(env/opencv/install/include/opencv4/opencv2/core) by extension 'ignore_ament_install'
[0.310s] Level 1:colcon.colcon_core.package_identification:_identify(env/opencv/install/include/opencv4/opencv2/core) by extensions ['colcon_pkg']
[0.310s] Level 1:colcon.colcon_core.package_identification:_identify(env/opencv/install/include/opencv4/opencv2/core) by extension 'colcon_pkg'
[0.310s] Level 1:colcon.colcon_core.package_identification:_identify(env/opencv/install/include/opencv4/opencv2/core) by extensions ['colcon_meta']
[0.310s] Level 1:colcon.colcon_core.package_identification:_identify(env/opencv/install/include/opencv4/opencv2/core) by extension 'colcon_meta'
[0.310s] Level 1:colcon.colcon_core.package_identification:_identify(env/opencv/install/include/opencv4/opencv2/core) by extensions ['ros']
[0.310s] Level 1:colcon.colcon_core.package_identification:_identify(env/opencv/install/include/opencv4/opencv2/core) by extension 'ros'
[0.310s] Level 1:colcon.colcon_core.package_identification:_identify(env/opencv/install/include/opencv4/opencv2/core) by extensions ['cmake', 'python']
[0.310s] Level 1:colcon.colcon_core.package_identification:_identify(env/opencv/install/include/opencv4/opencv2/core) by extension 'cmake'
[0.310s] Level 1:colcon.colcon_core.package_identification:_identify(env/opencv/install/include/opencv4/opencv2/core) by extension 'python'
[0.310s] Level 1:colcon.colcon_core.package_identification:_identify(env/opencv/install/include/opencv4/opencv2/core) by extensions ['python_setup_py']
[0.310s] Level 1:colcon.colcon_core.package_identification:_identify(env/opencv/install/include/opencv4/opencv2/core) by extension 'python_setup_py'
[0.310s] Level 1:colcon.colcon_core.package_identification:_identify(env/opencv/install/include/opencv4/opencv2/core/cuda) by extensions ['ignore', 'ignore_ament_install']
[0.310s] Level 1:colcon.colcon_core.package_identification:_identify(env/opencv/install/include/opencv4/opencv2/core/cuda) by extension 'ignore'
[0.310s] Level 1:colcon.colcon_core.package_identification:_identify(env/opencv/install/include/opencv4/opencv2/core/cuda) by extension 'ignore_ament_install'
[0.310s] Level 1:colcon.colcon_core.package_identification:_identify(env/opencv/install/include/opencv4/opencv2/core/cuda) by extensions ['colcon_pkg']
[0.310s] Level 1:colcon.colcon_core.package_identification:_identify(env/opencv/install/include/opencv4/opencv2/core/cuda) by extension 'colcon_pkg'
[0.310s] Level 1:colcon.colcon_core.package_identification:_identify(env/opencv/install/include/opencv4/opencv2/core/cuda) by extensions ['colcon_meta']
[0.310s] Level 1:colcon.colcon_core.package_identification:_identify(env/opencv/install/include/opencv4/opencv2/core/cuda) by extension 'colcon_meta'
[0.310s] Level 1:colcon.colcon_core.package_identification:_identify(env/opencv/install/include/opencv4/opencv2/core/cuda) by extensions ['ros']
[0.310s] Level 1:colcon.colcon_core.package_identification:_identify(env/opencv/install/include/opencv4/opencv2/core/cuda) by extension 'ros'
[0.310s] Level 1:colcon.colcon_core.package_identification:_identify(env/opencv/install/include/opencv4/opencv2/core/cuda) by extensions ['cmake', 'python']
[0.310s] Level 1:colcon.colcon_core.package_identification:_identify(env/opencv/install/include/opencv4/opencv2/core/cuda) by extension 'cmake'
[0.310s] Level 1:colcon.colcon_core.package_identification:_identify(env/opencv/install/include/opencv4/opencv2/core/cuda) by extension 'python'
[0.310s] Level 1:colcon.colcon_core.package_identification:_identify(env/opencv/install/include/opencv4/opencv2/core/cuda) by extensions ['python_setup_py']
[0.310s] Level 1:colcon.colcon_core.package_identification:_identify(env/opencv/install/include/opencv4/opencv2/core/cuda) by extension 'python_setup_py'
[0.311s] Level 1:colcon.colcon_core.package_identification:_identify(env/opencv/install/include/opencv4/opencv2/core/cuda/detail) by extensions ['ignore', 'ignore_ament_install']
[0.311s] Level 1:colcon.colcon_core.package_identification:_identify(env/opencv/install/include/opencv4/opencv2/core/cuda/detail) by extension 'ignore'
[0.311s] Level 1:colcon.colcon_core.package_identification:_identify(env/opencv/install/include/opencv4/opencv2/core/cuda/detail) by extension 'ignore_ament_install'
[0.311s] Level 1:colcon.colcon_core.package_identification:_identify(env/opencv/install/include/opencv4/opencv2/core/cuda/detail) by extensions ['colcon_pkg']
[0.311s] Level 1:colcon.colcon_core.package_identification:_identify(env/opencv/install/include/opencv4/opencv2/core/cuda/detail) by extension 'colcon_pkg'
[0.311s] Level 1:colcon.colcon_core.package_identification:_identify(env/opencv/install/include/opencv4/opencv2/core/cuda/detail) by extensions ['colcon_meta']
[0.311s] Level 1:colcon.colcon_core.package_identification:_identify(env/opencv/install/include/opencv4/opencv2/core/cuda/detail) by extension 'colcon_meta'
[0.311s] Level 1:colcon.colcon_core.package_identification:_identify(env/opencv/install/include/opencv4/opencv2/core/cuda/detail) by extensions ['ros']
[0.311s] Level 1:colcon.colcon_core.package_identification:_identify(env/opencv/install/include/opencv4/opencv2/core/cuda/detail) by extension 'ros'
[0.311s] Level 1:colcon.colcon_core.package_identification:_identify(env/opencv/install/include/opencv4/opencv2/core/cuda/detail) by extensions ['cmake', 'python']
[0.311s] Level 1:colcon.colcon_core.package_identification:_identify(env/opencv/install/include/opencv4/opencv2/core/cuda/detail) by extension 'cmake'
[0.311s] Level 1:colcon.colcon_core.package_identification:_identify(env/opencv/install/include/opencv4/opencv2/core/cuda/detail) by extension 'python'
[0.311s] Level 1:colcon.colcon_core.package_identification:_identify(env/opencv/install/include/opencv4/opencv2/core/cuda/detail) by extensions ['python_setup_py']
[0.311s] Level 1:colcon.colcon_core.package_identification:_identify(env/opencv/install/include/opencv4/opencv2/core/cuda/detail) by extension 'python_setup_py'
[0.311s] Level 1:colcon.colcon_core.package_identification:_identify(env/opencv/install/include/opencv4/opencv2/core/detail) by extensions ['ignore', 'ignore_ament_install']
[0.311s] Level 1:colcon.colcon_core.package_identification:_identify(env/opencv/install/include/opencv4/opencv2/core/detail) by extension 'ignore'
[0.311s] Level 1:colcon.colcon_core.package_identification:_identify(env/opencv/install/include/opencv4/opencv2/core/detail) by extension 'ignore_ament_install'
[0.311s] Level 1:colcon.colcon_core.package_identification:_identify(env/opencv/install/include/opencv4/opencv2/core/detail) by extensions ['colcon_pkg']
[0.311s] Level 1:colcon.colcon_core.package_identification:_identify(env/opencv/install/include/opencv4/opencv2/core/detail) by extension 'colcon_pkg'
[0.311s] Level 1:colcon.colcon_core.package_identification:_identify(env/opencv/install/include/opencv4/opencv2/core/detail) by extensions ['colcon_meta']
[0.311s] Level 1:colcon.colcon_core.package_identification:_identify(env/opencv/install/include/opencv4/opencv2/core/detail) by extension 'colcon_meta'
[0.311s] Level 1:colcon.colcon_core.package_identification:_identify(env/opencv/install/include/opencv4/opencv2/core/detail) by extensions ['ros']
[0.311s] Level 1:colcon.colcon_core.package_identification:_identify(env/opencv/install/include/opencv4/opencv2/core/detail) by extension 'ros'
[0.311s] Level 1:colcon.colcon_core.package_identification:_identify(env/opencv/install/include/opencv4/opencv2/core/detail) by extensions ['cmake', 'python']
[0.311s] Level 1:colcon.colcon_core.package_identification:_identify(env/opencv/install/include/opencv4/opencv2/core/detail) by extension 'cmake'
[0.311s] Level 1:colcon.colcon_core.package_identification:_identify(env/opencv/install/include/opencv4/opencv2/core/detail) by extension 'python'
[0.311s] Level 1:colcon.colcon_core.package_identification:_identify(env/opencv/install/include/opencv4/opencv2/core/detail) by extensions ['python_setup_py']
[0.311s] Level 1:colcon.colcon_core.package_identification:_identify(env/opencv/install/include/opencv4/opencv2/core/detail) by extension 'python_setup_py'
[0.311s] Level 1:colcon.colcon_core.package_identification:_identify(env/opencv/install/include/opencv4/opencv2/core/hal) by extensions ['ignore', 'ignore_ament_install']
[0.311s] Level 1:colcon.colcon_core.package_identification:_identify(env/opencv/install/include/opencv4/opencv2/core/hal) by extension 'ignore'
[0.311s] Level 1:colcon.colcon_core.package_identification:_identify(env/opencv/install/include/opencv4/opencv2/core/hal) by extension 'ignore_ament_install'
[0.311s] Level 1:colcon.colcon_core.package_identification:_identify(env/opencv/install/include/opencv4/opencv2/core/hal) by extensions ['colcon_pkg']
[0.311s] Level 1:colcon.colcon_core.package_identification:_identify(env/opencv/install/include/opencv4/opencv2/core/hal) by extension 'colcon_pkg'
[0.311s] Level 1:colcon.colcon_core.package_identification:_identify(env/opencv/install/include/opencv4/opencv2/core/hal) by extensions ['colcon_meta']
[0.311s] Level 1:colcon.colcon_core.package_identification:_identify(env/opencv/install/include/opencv4/opencv2/core/hal) by extension 'colcon_meta'
[0.311s] Level 1:colcon.colcon_core.package_identification:_identify(env/opencv/install/include/opencv4/opencv2/core/hal) by extensions ['ros']
[0.311s] Level 1:colcon.colcon_core.package_identification:_identify(env/opencv/install/include/opencv4/opencv2/core/hal) by extension 'ros'
[0.311s] Level 1:colcon.colcon_core.package_identification:_identify(env/opencv/install/include/opencv4/opencv2/core/hal) by extensions ['cmake', 'python']
[0.311s] Level 1:colcon.colcon_core.package_identification:_identify(env/opencv/install/include/opencv4/opencv2/core/hal) by extension 'cmake'
[0.311s] Level 1:colcon.colcon_core.package_identification:_identify(env/opencv/install/include/opencv4/opencv2/core/hal) by extension 'python'
[0.311s] Level 1:colcon.colcon_core.package_identification:_identify(env/opencv/install/include/opencv4/opencv2/core/hal) by extensions ['python_setup_py']
[0.311s] Level 1:colcon.colcon_core.package_identification:_identify(env/opencv/install/include/opencv4/opencv2/core/hal) by extension 'python_setup_py'
[0.312s] Level 1:colcon.colcon_core.package_identification:_identify(env/opencv/install/include/opencv4/opencv2/core/opencl) by extensions ['ignore', 'ignore_ament_install']
[0.312s] Level 1:colcon.colcon_core.package_identification:_identify(env/opencv/install/include/opencv4/opencv2/core/opencl) by extension 'ignore'
[0.312s] Level 1:colcon.colcon_core.package_identification:_identify(env/opencv/install/include/opencv4/opencv2/core/opencl) by extension 'ignore_ament_install'
[0.312s] Level 1:colcon.colcon_core.package_identification:_identify(env/opencv/install/include/opencv4/opencv2/core/opencl) by extensions ['colcon_pkg']
[0.312s] Level 1:colcon.colcon_core.package_identification:_identify(env/opencv/install/include/opencv4/opencv2/core/opencl) by extension 'colcon_pkg'
[0.312s] Level 1:colcon.colcon_core.package_identification:_identify(env/opencv/install/include/opencv4/opencv2/core/opencl) by extensions ['colcon_meta']
[0.312s] Level 1:colcon.colcon_core.package_identification:_identify(env/opencv/install/include/opencv4/opencv2/core/opencl) by extension 'colcon_meta'
[0.312s] Level 1:colcon.colcon_core.package_identification:_identify(env/opencv/install/include/opencv4/opencv2/core/opencl) by extensions ['ros']
[0.312s] Level 1:colcon.colcon_core.package_identification:_identify(env/opencv/install/include/opencv4/opencv2/core/opencl) by extension 'ros'
[0.312s] Level 1:colcon.colcon_core.package_identification:_identify(env/opencv/install/include/opencv4/opencv2/core/opencl) by extensions ['cmake', 'python']
[0.312s] Level 1:colcon.colcon_core.package_identification:_identify(env/opencv/install/include/opencv4/opencv2/core/opencl) by extension 'cmake'
[0.312s] Level 1:colcon.colcon_core.package_identification:_identify(env/opencv/install/include/opencv4/opencv2/core/opencl) by extension 'python'
[0.312s] Level 1:colcon.colcon_core.package_identification:_identify(env/opencv/install/include/opencv4/opencv2/core/opencl) by extensions ['python_setup_py']
[0.312s] Level 1:colcon.colcon_core.package_identification:_identify(env/opencv/install/include/opencv4/opencv2/core/opencl) by extension 'python_setup_py'
[0.312s] Level 1:colcon.colcon_core.package_identification:_identify(env/opencv/install/include/opencv4/opencv2/core/opencl/runtime) by extensions ['ignore', 'ignore_ament_install']
[0.312s] Level 1:colcon.colcon_core.package_identification:_identify(env/opencv/install/include/opencv4/opencv2/core/opencl/runtime) by extension 'ignore'
[0.312s] Level 1:colcon.colcon_core.package_identification:_identify(env/opencv/install/include/opencv4/opencv2/core/opencl/runtime) by extension 'ignore_ament_install'
[0.312s] Level 1:colcon.colcon_core.package_identification:_identify(env/opencv/install/include/opencv4/opencv2/core/opencl/runtime) by extensions ['colcon_pkg']
[0.312s] Level 1:colcon.colcon_core.package_identification:_identify(env/opencv/install/include/opencv4/opencv2/core/opencl/runtime) by extension 'colcon_pkg'
[0.312s] Level 1:colcon.colcon_core.package_identification:_identify(env/opencv/install/include/opencv4/opencv2/core/opencl/runtime) by extensions ['colcon_meta']
[0.312s] Level 1:colcon.colcon_core.package_identification:_identify(env/opencv/install/include/opencv4/opencv2/core/opencl/runtime) by extension 'colcon_meta'
[0.312s] Level 1:colcon.colcon_core.package_identification:_identify(env/opencv/install/include/opencv4/opencv2/core/opencl/runtime) by extensions ['ros']
[0.312s] Level 1:colcon.colcon_core.package_identification:_identify(env/opencv/install/include/opencv4/opencv2/core/opencl/runtime) by extension 'ros'
[0.312s] Level 1:colcon.colcon_core.package_identification:_identify(env/opencv/install/include/opencv4/opencv2/core/opencl/runtime) by extensions ['cmake', 'python']
[0.312s] Level 1:colcon.colcon_core.package_identification:_identify(env/opencv/install/include/opencv4/opencv2/core/opencl/runtime) by extension 'cmake'
[0.312s] Level 1:colcon.colcon_core.package_identification:_identify(env/opencv/install/include/opencv4/opencv2/core/opencl/runtime) by extension 'python'
[0.312s] Level 1:colcon.colcon_core.package_identification:_identify(env/opencv/install/include/opencv4/opencv2/core/opencl/runtime) by extensions ['python_setup_py']
[0.312s] Level 1:colcon.colcon_core.package_identification:_identify(env/opencv/install/include/opencv4/opencv2/core/opencl/runtime) by extension 'python_setup_py'
[0.312s] Level 1:colcon.colcon_core.package_identification:_identify(env/opencv/install/include/opencv4/opencv2/core/opencl/runtime/autogenerated) by extensions ['ignore', 'ignore_ament_install']
[0.312s] Level 1:colcon.colcon_core.package_identification:_identify(env/opencv/install/include/opencv4/opencv2/core/opencl/runtime/autogenerated) by extension 'ignore'
[0.312s] Level 1:colcon.colcon_core.package_identification:_identify(env/opencv/install/include/opencv4/opencv2/core/opencl/runtime/autogenerated) by extension 'ignore_ament_install'
[0.312s] Level 1:colcon.colcon_core.package_identification:_identify(env/opencv/install/include/opencv4/opencv2/core/opencl/runtime/autogenerated) by extensions ['colcon_pkg']
[0.312s] Level 1:colcon.colcon_core.package_identification:_identify(env/opencv/install/include/opencv4/opencv2/core/opencl/runtime/autogenerated) by extension 'colcon_pkg'
[0.312s] Level 1:colcon.colcon_core.package_identification:_identify(env/opencv/install/include/opencv4/opencv2/core/opencl/runtime/autogenerated) by extensions ['colcon_meta']
[0.312s] Level 1:colcon.colcon_core.package_identification:_identify(env/opencv/install/include/opencv4/opencv2/core/opencl/runtime/autogenerated) by extension 'colcon_meta'
[0.312s] Level 1:colcon.colcon_core.package_identification:_identify(env/opencv/install/include/opencv4/opencv2/core/opencl/runtime/autogenerated) by extensions ['ros']
[0.312s] Level 1:colcon.colcon_core.package_identification:_identify(env/opencv/install/include/opencv4/opencv2/core/opencl/runtime/autogenerated) by extension 'ros'
[0.312s] Level 1:colcon.colcon_core.package_identification:_identify(env/opencv/install/include/opencv4/opencv2/core/opencl/runtime/autogenerated) by extensions ['cmake', 'python']
[0.312s] Level 1:colcon.colcon_core.package_identification:_identify(env/opencv/install/include/opencv4/opencv2/core/opencl/runtime/autogenerated) by extension 'cmake'
[0.312s] Level 1:colcon.colcon_core.package_identification:_identify(env/opencv/install/include/opencv4/opencv2/core/opencl/runtime/autogenerated) by extension 'python'
[0.312s] Level 1:colcon.colcon_core.package_identification:_identify(env/opencv/install/include/opencv4/opencv2/core/opencl/runtime/autogenerated) by extensions ['python_setup_py']
[0.312s] Level 1:colcon.colcon_core.package_identification:_identify(env/opencv/install/include/opencv4/opencv2/core/opencl/runtime/autogenerated) by extension 'python_setup_py'
[0.313s] Level 1:colcon.colcon_core.package_identification:_identify(env/opencv/install/include/opencv4/opencv2/core/parallel) by extensions ['ignore', 'ignore_ament_install']
[0.313s] Level 1:colcon.colcon_core.package_identification:_identify(env/opencv/install/include/opencv4/opencv2/core/parallel) by extension 'ignore'
[0.313s] Level 1:colcon.colcon_core.package_identification:_identify(env/opencv/install/include/opencv4/opencv2/core/parallel) by extension 'ignore_ament_install'
[0.313s] Level 1:colcon.colcon_core.package_identification:_identify(env/opencv/install/include/opencv4/opencv2/core/parallel) by extensions ['colcon_pkg']
[0.313s] Level 1:colcon.colcon_core.package_identification:_identify(env/opencv/install/include/opencv4/opencv2/core/parallel) by extension 'colcon_pkg'
[0.313s] Level 1:colcon.colcon_core.package_identification:_identify(env/opencv/install/include/opencv4/opencv2/core/parallel) by extensions ['colcon_meta']
[0.313s] Level 1:colcon.colcon_core.package_identification:_identify(env/opencv/install/include/opencv4/opencv2/core/parallel) by extension 'colcon_meta'
[0.313s] Level 1:colcon.colcon_core.package_identification:_identify(env/opencv/install/include/opencv4/opencv2/core/parallel) by extensions ['ros']
[0.313s] Level 1:colcon.colcon_core.package_identification:_identify(env/opencv/install/include/opencv4/opencv2/core/parallel) by extension 'ros'
[0.313s] Level 1:colcon.colcon_core.package_identification:_identify(env/opencv/install/include/opencv4/opencv2/core/parallel) by extensions ['cmake', 'python']
[0.313s] Level 1:colcon.colcon_core.package_identification:_identify(env/opencv/install/include/opencv4/opencv2/core/parallel) by extension 'cmake'
[0.313s] Level 1:colcon.colcon_core.package_identification:_identify(env/opencv/install/include/opencv4/opencv2/core/parallel) by extension 'python'
[0.313s] Level 1:colcon.colcon_core.package_identification:_identify(env/opencv/install/include/opencv4/opencv2/core/parallel) by extensions ['python_setup_py']
[0.313s] Level 1:colcon.colcon_core.package_identification:_identify(env/opencv/install/include/opencv4/opencv2/core/parallel) by extension 'python_setup_py'
[0.313s] Level 1:colcon.colcon_core.package_identification:_identify(env/opencv/install/include/opencv4/opencv2/core/parallel/backend) by extensions ['ignore', 'ignore_ament_install']
[0.313s] Level 1:colcon.colcon_core.package_identification:_identify(env/opencv/install/include/opencv4/opencv2/core/parallel/backend) by extension 'ignore'
[0.313s] Level 1:colcon.colcon_core.package_identification:_identify(env/opencv/install/include/opencv4/opencv2/core/parallel/backend) by extension 'ignore_ament_install'
[0.313s] Level 1:colcon.colcon_core.package_identification:_identify(env/opencv/install/include/opencv4/opencv2/core/parallel/backend) by extensions ['colcon_pkg']
[0.313s] Level 1:colcon.colcon_core.package_identification:_identify(env/opencv/install/include/opencv4/opencv2/core/parallel/backend) by extension 'colcon_pkg'
[0.313s] Level 1:colcon.colcon_core.package_identification:_identify(env/opencv/install/include/opencv4/opencv2/core/parallel/backend) by extensions ['colcon_meta']
[0.313s] Level 1:colcon.colcon_core.package_identification:_identify(env/opencv/install/include/opencv4/opencv2/core/parallel/backend) by extension 'colcon_meta'
[0.313s] Level 1:colcon.colcon_core.package_identification:_identify(env/opencv/install/include/opencv4/opencv2/core/parallel/backend) by extensions ['ros']
[0.313s] Level 1:colcon.colcon_core.package_identification:_identify(env/opencv/install/include/opencv4/opencv2/core/parallel/backend) by extension 'ros'
[0.313s] Level 1:colcon.colcon_core.package_identification:_identify(env/opencv/install/include/opencv4/opencv2/core/parallel/backend) by extensions ['cmake', 'python']
[0.313s] Level 1:colcon.colcon_core.package_identification:_identify(env/opencv/install/include/opencv4/opencv2/core/parallel/backend) by extension 'cmake'
[0.313s] Level 1:colcon.colcon_core.package_identification:_identify(env/opencv/install/include/opencv4/opencv2/core/parallel/backend) by extension 'python'
[0.313s] Level 1:colcon.colcon_core.package_identification:_identify(env/opencv/install/include/opencv4/opencv2/core/parallel/backend) by extensions ['python_setup_py']
[0.313s] Level 1:colcon.colcon_core.package_identification:_identify(env/opencv/install/include/opencv4/opencv2/core/parallel/backend) by extension 'python_setup_py'
[0.313s] Level 1:colcon.colcon_core.package_identification:_identify(env/opencv/install/include/opencv4/opencv2/core/utils) by extensions ['ignore', 'ignore_ament_install']
[0.313s] Level 1:colcon.colcon_core.package_identification:_identify(env/opencv/install/include/opencv4/opencv2/core/utils) by extension 'ignore'
[0.313s] Level 1:colcon.colcon_core.package_identification:_identify(env/opencv/install/include/opencv4/opencv2/core/utils) by extension 'ignore_ament_install'
[0.313s] Level 1:colcon.colcon_core.package_identification:_identify(env/opencv/install/include/opencv4/opencv2/core/utils) by extensions ['colcon_pkg']
[0.313s] Level 1:colcon.colcon_core.package_identification:_identify(env/opencv/install/include/opencv4/opencv2/core/utils) by extension 'colcon_pkg'
[0.313s] Level 1:colcon.colcon_core.package_identification:_identify(env/opencv/install/include/opencv4/opencv2/core/utils) by extensions ['colcon_meta']
[0.313s] Level 1:colcon.colcon_core.package_identification:_identify(env/opencv/install/include/opencv4/opencv2/core/utils) by extension 'colcon_meta'
[0.313s] Level 1:colcon.colcon_core.package_identification:_identify(env/opencv/install/include/opencv4/opencv2/core/utils) by extensions ['ros']
[0.313s] Level 1:colcon.colcon_core.package_identification:_identify(env/opencv/install/include/opencv4/opencv2/core/utils) by extension 'ros'
[0.313s] Level 1:colcon.colcon_core.package_identification:_identify(env/opencv/install/include/opencv4/opencv2/core/utils) by extensions ['cmake', 'python']
[0.313s] Level 1:colcon.colcon_core.package_identification:_identify(env/opencv/install/include/opencv4/opencv2/core/utils) by extension 'cmake'
[0.313s] Level 1:colcon.colcon_core.package_identification:_identify(env/opencv/install/include/opencv4/opencv2/core/utils) by extension 'python'
[0.313s] Level 1:colcon.colcon_core.package_identification:_identify(env/opencv/install/include/opencv4/opencv2/core/utils) by extensions ['python_setup_py']
[0.313s] Level 1:colcon.colcon_core.package_identification:_identify(env/opencv/install/include/opencv4/opencv2/core/utils) by extension 'python_setup_py'
[0.314s] Level 1:colcon.colcon_core.package_identification:_identify(env/opencv/install/include/opencv4/opencv2/cudalegacy) by extensions ['ignore', 'ignore_ament_install']
[0.314s] Level 1:colcon.colcon_core.package_identification:_identify(env/opencv/install/include/opencv4/opencv2/cudalegacy) by extension 'ignore'
[0.314s] Level 1:colcon.colcon_core.package_identification:_identify(env/opencv/install/include/opencv4/opencv2/cudalegacy) by extension 'ignore_ament_install'
[0.314s] Level 1:colcon.colcon_core.package_identification:_identify(env/opencv/install/include/opencv4/opencv2/cudalegacy) by extensions ['colcon_pkg']
[0.314s] Level 1:colcon.colcon_core.package_identification:_identify(env/opencv/install/include/opencv4/opencv2/cudalegacy) by extension 'colcon_pkg'
[0.314s] Level 1:colcon.colcon_core.package_identification:_identify(env/opencv/install/include/opencv4/opencv2/cudalegacy) by extensions ['colcon_meta']
[0.314s] Level 1:colcon.colcon_core.package_identification:_identify(env/opencv/install/include/opencv4/opencv2/cudalegacy) by extension 'colcon_meta'
[0.314s] Level 1:colcon.colcon_core.package_identification:_identify(env/opencv/install/include/opencv4/opencv2/cudalegacy) by extensions ['ros']
[0.314s] Level 1:colcon.colcon_core.package_identification:_identify(env/opencv/install/include/opencv4/opencv2/cudalegacy) by extension 'ros'
[0.314s] Level 1:colcon.colcon_core.package_identification:_identify(env/opencv/install/include/opencv4/opencv2/cudalegacy) by extensions ['cmake', 'python']
[0.314s] Level 1:colcon.colcon_core.package_identification:_identify(env/opencv/install/include/opencv4/opencv2/cudalegacy) by extension 'cmake'
[0.314s] Level 1:colcon.colcon_core.package_identification:_identify(env/opencv/install/include/opencv4/opencv2/cudalegacy) by extension 'python'
[0.314s] Level 1:colcon.colcon_core.package_identification:_identify(env/opencv/install/include/opencv4/opencv2/cudalegacy) by extensions ['python_setup_py']
[0.314s] Level 1:colcon.colcon_core.package_identification:_identify(env/opencv/install/include/opencv4/opencv2/cudalegacy) by extension 'python_setup_py'
[0.314s] Level 1:colcon.colcon_core.package_identification:_identify(env/opencv/install/include/opencv4/opencv2/cudev) by extensions ['ignore', 'ignore_ament_install']
[0.314s] Level 1:colcon.colcon_core.package_identification:_identify(env/opencv/install/include/opencv4/opencv2/cudev) by extension 'ignore'
[0.314s] Level 1:colcon.colcon_core.package_identification:_identify(env/opencv/install/include/opencv4/opencv2/cudev) by extension 'ignore_ament_install'
[0.314s] Level 1:colcon.colcon_core.package_identification:_identify(env/opencv/install/include/opencv4/opencv2/cudev) by extensions ['colcon_pkg']
[0.314s] Level 1:colcon.colcon_core.package_identification:_identify(env/opencv/install/include/opencv4/opencv2/cudev) by extension 'colcon_pkg'
[0.314s] Level 1:colcon.colcon_core.package_identification:_identify(env/opencv/install/include/opencv4/opencv2/cudev) by extensions ['colcon_meta']
[0.314s] Level 1:colcon.colcon_core.package_identification:_identify(env/opencv/install/include/opencv4/opencv2/cudev) by extension 'colcon_meta'
[0.314s] Level 1:colcon.colcon_core.package_identification:_identify(env/opencv/install/include/opencv4/opencv2/cudev) by extensions ['ros']
[0.314s] Level 1:colcon.colcon_core.package_identification:_identify(env/opencv/install/include/opencv4/opencv2/cudev) by extension 'ros'
[0.314s] Level 1:colcon.colcon_core.package_identification:_identify(env/opencv/install/include/opencv4/opencv2/cudev) by extensions ['cmake', 'python']
[0.314s] Level 1:colcon.colcon_core.package_identification:_identify(env/opencv/install/include/opencv4/opencv2/cudev) by extension 'cmake'
[0.314s] Level 1:colcon.colcon_core.package_identification:_identify(env/opencv/install/include/opencv4/opencv2/cudev) by extension 'python'
[0.314s] Level 1:colcon.colcon_core.package_identification:_identify(env/opencv/install/include/opencv4/opencv2/cudev) by extensions ['python_setup_py']
[0.314s] Level 1:colcon.colcon_core.package_identification:_identify(env/opencv/install/include/opencv4/opencv2/cudev) by extension 'python_setup_py'
[0.314s] Level 1:colcon.colcon_core.package_identification:_identify(env/opencv/install/include/opencv4/opencv2/cudev/block) by extensions ['ignore', 'ignore_ament_install']
[0.314s] Level 1:colcon.colcon_core.package_identification:_identify(env/opencv/install/include/opencv4/opencv2/cudev/block) by extension 'ignore'
[0.315s] Level 1:colcon.colcon_core.package_identification:_identify(env/opencv/install/include/opencv4/opencv2/cudev/block) by extension 'ignore_ament_install'
[0.315s] Level 1:colcon.colcon_core.package_identification:_identify(env/opencv/install/include/opencv4/opencv2/cudev/block) by extensions ['colcon_pkg']
[0.315s] Level 1:colcon.colcon_core.package_identification:_identify(env/opencv/install/include/opencv4/opencv2/cudev/block) by extension 'colcon_pkg'
[0.315s] Level 1:colcon.colcon_core.package_identification:_identify(env/opencv/install/include/opencv4/opencv2/cudev/block) by extensions ['colcon_meta']
[0.315s] Level 1:colcon.colcon_core.package_identification:_identify(env/opencv/install/include/opencv4/opencv2/cudev/block) by extension 'colcon_meta'
[0.315s] Level 1:colcon.colcon_core.package_identification:_identify(env/opencv/install/include/opencv4/opencv2/cudev/block) by extensions ['ros']
[0.315s] Level 1:colcon.colcon_core.package_identification:_identify(env/opencv/install/include/opencv4/opencv2/cudev/block) by extension 'ros'
[0.315s] Level 1:colcon.colcon_core.package_identification:_identify(env/opencv/install/include/opencv4/opencv2/cudev/block) by extensions ['cmake', 'python']
[0.315s] Level 1:colcon.colcon_core.package_identification:_identify(env/opencv/install/include/opencv4/opencv2/cudev/block) by extension 'cmake'
[0.315s] Level 1:colcon.colcon_core.package_identification:_identify(env/opencv/install/include/opencv4/opencv2/cudev/block) by extension 'python'
[0.315s] Level 1:colcon.colcon_core.package_identification:_identify(env/opencv/install/include/opencv4/opencv2/cudev/block) by extensions ['python_setup_py']
[0.315s] Level 1:colcon.colcon_core.package_identification:_identify(env/opencv/install/include/opencv4/opencv2/cudev/block) by extension 'python_setup_py'
[0.315s] Level 1:colcon.colcon_core.package_identification:_identify(env/opencv/install/include/opencv4/opencv2/cudev/block/detail) by extensions ['ignore', 'ignore_ament_install']
[0.315s] Level 1:colcon.colcon_core.package_identification:_identify(env/opencv/install/include/opencv4/opencv2/cudev/block/detail) by extension 'ignore'
[0.315s] Level 1:colcon.colcon_core.package_identification:_identify(env/opencv/install/include/opencv4/opencv2/cudev/block/detail) by extension 'ignore_ament_install'
[0.315s] Level 1:colcon.colcon_core.package_identification:_identify(env/opencv/install/include/opencv4/opencv2/cudev/block/detail) by extensions ['colcon_pkg']
[0.315s] Level 1:colcon.colcon_core.package_identification:_identify(env/opencv/install/include/opencv4/opencv2/cudev/block/detail) by extension 'colcon_pkg'
[0.315s] Level 1:colcon.colcon_core.package_identification:_identify(env/opencv/install/include/opencv4/opencv2/cudev/block/detail) by extensions ['colcon_meta']
[0.315s] Level 1:colcon.colcon_core.package_identification:_identify(env/opencv/install/include/opencv4/opencv2/cudev/block/detail) by extension 'colcon_meta'
[0.315s] Level 1:colcon.colcon_core.package_identification:_identify(env/opencv/install/include/opencv4/opencv2/cudev/block/detail) by extensions ['ros']
[0.315s] Level 1:colcon.colcon_core.package_identification:_identify(env/opencv/install/include/opencv4/opencv2/cudev/block/detail) by extension 'ros'
[0.315s] Level 1:colcon.colcon_core.package_identification:_identify(env/opencv/install/include/opencv4/opencv2/cudev/block/detail) by extensions ['cmake', 'python']
[0.316s] Level 1:colcon.colcon_core.package_identification:_identify(env/opencv/install/include/opencv4/opencv2/cudev/block/detail) by extension 'cmake'
[0.316s] Level 1:colcon.colcon_core.package_identification:_identify(env/opencv/install/include/opencv4/opencv2/cudev/block/detail) by extension 'python'
[0.316s] Level 1:colcon.colcon_core.package_identification:_identify(env/opencv/install/include/opencv4/opencv2/cudev/block/detail) by extensions ['python_setup_py']
[0.316s] Level 1:colcon.colcon_core.package_identification:_identify(env/opencv/install/include/opencv4/opencv2/cudev/block/detail) by extension 'python_setup_py'
[0.316s] Level 1:colcon.colcon_core.package_identification:_identify(env/opencv/install/include/opencv4/opencv2/cudev/expr) by extensions ['ignore', 'ignore_ament_install']
[0.316s] Level 1:colcon.colcon_core.package_identification:_identify(env/opencv/install/include/opencv4/opencv2/cudev/expr) by extension 'ignore'
[0.316s] Level 1:colcon.colcon_core.package_identification:_identify(env/opencv/install/include/opencv4/opencv2/cudev/expr) by extension 'ignore_ament_install'
[0.316s] Level 1:colcon.colcon_core.package_identification:_identify(env/opencv/install/include/opencv4/opencv2/cudev/expr) by extensions ['colcon_pkg']
[0.316s] Level 1:colcon.colcon_core.package_identification:_identify(env/opencv/install/include/opencv4/opencv2/cudev/expr) by extension 'colcon_pkg'
[0.316s] Level 1:colcon.colcon_core.package_identification:_identify(env/opencv/install/include/opencv4/opencv2/cudev/expr) by extensions ['colcon_meta']
[0.316s] Level 1:colcon.colcon_core.package_identification:_identify(env/opencv/install/include/opencv4/opencv2/cudev/expr) by extension 'colcon_meta'
[0.316s] Level 1:colcon.colcon_core.package_identification:_identify(env/opencv/install/include/opencv4/opencv2/cudev/expr) by extensions ['ros']
[0.316s] Level 1:colcon.colcon_core.package_identification:_identify(env/opencv/install/include/opencv4/opencv2/cudev/expr) by extension 'ros'
[0.316s] Level 1:colcon.colcon_core.package_identification:_identify(env/opencv/install/include/opencv4/opencv2/cudev/expr) by extensions ['cmake', 'python']
[0.316s] Level 1:colcon.colcon_core.package_identification:_identify(env/opencv/install/include/opencv4/opencv2/cudev/expr) by extension 'cmake'
[0.316s] Level 1:colcon.colcon_core.package_identification:_identify(env/opencv/install/include/opencv4/opencv2/cudev/expr) by extension 'python'
[0.316s] Level 1:colcon.colcon_core.package_identification:_identify(env/opencv/install/include/opencv4/opencv2/cudev/expr) by extensions ['python_setup_py']
[0.316s] Level 1:colcon.colcon_core.package_identification:_identify(env/opencv/install/include/opencv4/opencv2/cudev/expr) by extension 'python_setup_py'
[0.316s] Level 1:colcon.colcon_core.package_identification:_identify(env/opencv/install/include/opencv4/opencv2/cudev/functional) by extensions ['ignore', 'ignore_ament_install']
[0.316s] Level 1:colcon.colcon_core.package_identification:_identify(env/opencv/install/include/opencv4/opencv2/cudev/functional) by extension 'ignore'
[0.316s] Level 1:colcon.colcon_core.package_identification:_identify(env/opencv/install/include/opencv4/opencv2/cudev/functional) by extension 'ignore_ament_install'
[0.316s] Level 1:colcon.colcon_core.package_identification:_identify(env/opencv/install/include/opencv4/opencv2/cudev/functional) by extensions ['colcon_pkg']
[0.316s] Level 1:colcon.colcon_core.package_identification:_identify(env/opencv/install/include/opencv4/opencv2/cudev/functional) by extension 'colcon_pkg'
[0.316s] Level 1:colcon.colcon_core.package_identification:_identify(env/opencv/install/include/opencv4/opencv2/cudev/functional) by extensions ['colcon_meta']
[0.316s] Level 1:colcon.colcon_core.package_identification:_identify(env/opencv/install/include/opencv4/opencv2/cudev/functional) by extension 'colcon_meta'
[0.316s] Level 1:colcon.colcon_core.package_identification:_identify(env/opencv/install/include/opencv4/opencv2/cudev/functional) by extensions ['ros']
[0.316s] Level 1:colcon.colcon_core.package_identification:_identify(env/opencv/install/include/opencv4/opencv2/cudev/functional) by extension 'ros'
[0.316s] Level 1:colcon.colcon_core.package_identification:_identify(env/opencv/install/include/opencv4/opencv2/cudev/functional) by extensions ['cmake', 'python']
[0.316s] Level 1:colcon.colcon_core.package_identification:_identify(env/opencv/install/include/opencv4/opencv2/cudev/functional) by extension 'cmake'
[0.316s] Level 1:colcon.colcon_core.package_identification:_identify(env/opencv/install/include/opencv4/opencv2/cudev/functional) by extension 'python'
[0.316s] Level 1:colcon.colcon_core.package_identification:_identify(env/opencv/install/include/opencv4/opencv2/cudev/functional) by extensions ['python_setup_py']
[0.316s] Level 1:colcon.colcon_core.package_identification:_identify(env/opencv/install/include/opencv4/opencv2/cudev/functional) by extension 'python_setup_py'
[0.316s] Level 1:colcon.colcon_core.package_identification:_identify(env/opencv/install/include/opencv4/opencv2/cudev/functional/detail) by extensions ['ignore', 'ignore_ament_install']
[0.316s] Level 1:colcon.colcon_core.package_identification:_identify(env/opencv/install/include/opencv4/opencv2/cudev/functional/detail) by extension 'ignore'
[0.316s] Level 1:colcon.colcon_core.package_identification:_identify(env/opencv/install/include/opencv4/opencv2/cudev/functional/detail) by extension 'ignore_ament_install'
[0.316s] Level 1:colcon.colcon_core.package_identification:_identify(env/opencv/install/include/opencv4/opencv2/cudev/functional/detail) by extensions ['colcon_pkg']
[0.316s] Level 1:colcon.colcon_core.package_identification:_identify(env/opencv/install/include/opencv4/opencv2/cudev/functional/detail) by extension 'colcon_pkg'
[0.316s] Level 1:colcon.colcon_core.package_identification:_identify(env/opencv/install/include/opencv4/opencv2/cudev/functional/detail) by extensions ['colcon_meta']
[0.316s] Level 1:colcon.colcon_core.package_identification:_identify(env/opencv/install/include/opencv4/opencv2/cudev/functional/detail) by extension 'colcon_meta'
[0.316s] Level 1:colcon.colcon_core.package_identification:_identify(env/opencv/install/include/opencv4/opencv2/cudev/functional/detail) by extensions ['ros']
[0.316s] Level 1:colcon.colcon_core.package_identification:_identify(env/opencv/install/include/opencv4/opencv2/cudev/functional/detail) by extension 'ros'
[0.317s] Level 1:colcon.colcon_core.package_identification:_identify(env/opencv/install/include/opencv4/opencv2/cudev/functional/detail) by extensions ['cmake', 'python']
[0.317s] Level 1:colcon.colcon_core.package_identification:_identify(env/opencv/install/include/opencv4/opencv2/cudev/functional/detail) by extension 'cmake'
[0.317s] Level 1:colcon.colcon_core.package_identification:_identify(env/opencv/install/include/opencv4/opencv2/cudev/functional/detail) by extension 'python'
[0.317s] Level 1:colcon.colcon_core.package_identification:_identify(env/opencv/install/include/opencv4/opencv2/cudev/functional/detail) by extensions ['python_setup_py']
[0.317s] Level 1:colcon.colcon_core.package_identification:_identify(env/opencv/install/include/opencv4/opencv2/cudev/functional/detail) by extension 'python_setup_py'
[0.317s] Level 1:colcon.colcon_core.package_identification:_identify(env/opencv/install/include/opencv4/opencv2/cudev/grid) by extensions ['ignore', 'ignore_ament_install']
[0.317s] Level 1:colcon.colcon_core.package_identification:_identify(env/opencv/install/include/opencv4/opencv2/cudev/grid) by extension 'ignore'
[0.317s] Level 1:colcon.colcon_core.package_identification:_identify(env/opencv/install/include/opencv4/opencv2/cudev/grid) by extension 'ignore_ament_install'
[0.317s] Level 1:colcon.colcon_core.package_identification:_identify(env/opencv/install/include/opencv4/opencv2/cudev/grid) by extensions ['colcon_pkg']
[0.317s] Level 1:colcon.colcon_core.package_identification:_identify(env/opencv/install/include/opencv4/opencv2/cudev/grid) by extension 'colcon_pkg'
[0.317s] Level 1:colcon.colcon_core.package_identification:_identify(env/opencv/install/include/opencv4/opencv2/cudev/grid) by extensions ['colcon_meta']
[0.317s] Level 1:colcon.colcon_core.package_identification:_identify(env/opencv/install/include/opencv4/opencv2/cudev/grid) by extension 'colcon_meta'
[0.317s] Level 1:colcon.colcon_core.package_identification:_identify(env/opencv/install/include/opencv4/opencv2/cudev/grid) by extensions ['ros']
[0.317s] Level 1:colcon.colcon_core.package_identification:_identify(env/opencv/install/include/opencv4/opencv2/cudev/grid) by extension 'ros'
[0.317s] Level 1:colcon.colcon_core.package_identification:_identify(env/opencv/install/include/opencv4/opencv2/cudev/grid) by extensions ['cmake', 'python']
[0.317s] Level 1:colcon.colcon_core.package_identification:_identify(env/opencv/install/include/opencv4/opencv2/cudev/grid) by extension 'cmake'
[0.317s] Level 1:colcon.colcon_core.package_identification:_identify(env/opencv/install/include/opencv4/opencv2/cudev/grid) by extension 'python'
[0.317s] Level 1:colcon.colcon_core.package_identification:_identify(env/opencv/install/include/opencv4/opencv2/cudev/grid) by extensions ['python_setup_py']
[0.317s] Level 1:colcon.colcon_core.package_identification:_identify(env/opencv/install/include/opencv4/opencv2/cudev/grid) by extension 'python_setup_py'
[0.317s] Level 1:colcon.colcon_core.package_identification:_identify(env/opencv/install/include/opencv4/opencv2/cudev/grid/detail) by extensions ['ignore', 'ignore_ament_install']
[0.317s] Level 1:colcon.colcon_core.package_identification:_identify(env/opencv/install/include/opencv4/opencv2/cudev/grid/detail) by extension 'ignore'
[0.317s] Level 1:colcon.colcon_core.package_identification:_identify(env/opencv/install/include/opencv4/opencv2/cudev/grid/detail) by extension 'ignore_ament_install'
[0.317s] Level 1:colcon.colcon_core.package_identification:_identify(env/opencv/install/include/opencv4/opencv2/cudev/grid/detail) by extensions ['colcon_pkg']
[0.317s] Level 1:colcon.colcon_core.package_identification:_identify(env/opencv/install/include/opencv4/opencv2/cudev/grid/detail) by extension 'colcon_pkg'
[0.317s] Level 1:colcon.colcon_core.package_identification:_identify(env/opencv/install/include/opencv4/opencv2/cudev/grid/detail) by extensions ['colcon_meta']
[0.317s] Level 1:colcon.colcon_core.package_identification:_identify(env/opencv/install/include/opencv4/opencv2/cudev/grid/detail) by extension 'colcon_meta'
[0.317s] Level 1:colcon.colcon_core.package_identification:_identify(env/opencv/install/include/opencv4/opencv2/cudev/grid/detail) by extensions ['ros']
[0.317s] Level 1:colcon.colcon_core.package_identification:_identify(env/opencv/install/include/opencv4/opencv2/cudev/grid/detail) by extension 'ros'
[0.317s] Level 1:colcon.colcon_core.package_identification:_identify(env/opencv/install/include/opencv4/opencv2/cudev/grid/detail) by extensions ['cmake', 'python']
[0.317s] Level 1:colcon.colcon_core.package_identification:_identify(env/opencv/install/include/opencv4/opencv2/cudev/grid/detail) by extension 'cmake'
[0.317s] Level 1:colcon.colcon_core.package_identification:_identify(env/opencv/install/include/opencv4/opencv2/cudev/grid/detail) by extension 'python'
[0.317s] Level 1:colcon.colcon_core.package_identification:_identify(env/opencv/install/include/opencv4/opencv2/cudev/grid/detail) by extensions ['python_setup_py']
[0.317s] Level 1:colcon.colcon_core.package_identification:_identify(env/opencv/install/include/opencv4/opencv2/cudev/grid/detail) by extension 'python_setup_py'
[0.317s] Level 1:colcon.colcon_core.package_identification:_identify(env/opencv/install/include/opencv4/opencv2/cudev/ptr2d) by extensions ['ignore', 'ignore_ament_install']
[0.317s] Level 1:colcon.colcon_core.package_identification:_identify(env/opencv/install/include/opencv4/opencv2/cudev/ptr2d) by extension 'ignore'
[0.317s] Level 1:colcon.colcon_core.package_identification:_identify(env/opencv/install/include/opencv4/opencv2/cudev/ptr2d) by extension 'ignore_ament_install'
[0.317s] Level 1:colcon.colcon_core.package_identification:_identify(env/opencv/install/include/opencv4/opencv2/cudev/ptr2d) by extensions ['colcon_pkg']
[0.317s] Level 1:colcon.colcon_core.package_identification:_identify(env/opencv/install/include/opencv4/opencv2/cudev/ptr2d) by extension 'colcon_pkg'
[0.317s] Level 1:colcon.colcon_core.package_identification:_identify(env/opencv/install/include/opencv4/opencv2/cudev/ptr2d) by extensions ['colcon_meta']
[0.317s] Level 1:colcon.colcon_core.package_identification:_identify(env/opencv/install/include/opencv4/opencv2/cudev/ptr2d) by extension 'colcon_meta'
[0.317s] Level 1:colcon.colcon_core.package_identification:_identify(env/opencv/install/include/opencv4/opencv2/cudev/ptr2d) by extensions ['ros']
[0.317s] Level 1:colcon.colcon_core.package_identification:_identify(env/opencv/install/include/opencv4/opencv2/cudev/ptr2d) by extension 'ros'
[0.318s] Level 1:colcon.colcon_core.package_identification:_identify(env/opencv/install/include/opencv4/opencv2/cudev/ptr2d) by extensions ['cmake', 'python']
[0.318s] Level 1:colcon.colcon_core.package_identification:_identify(env/opencv/install/include/opencv4/opencv2/cudev/ptr2d) by extension 'cmake'
[0.318s] Level 1:colcon.colcon_core.package_identification:_identify(env/opencv/install/include/opencv4/opencv2/cudev/ptr2d) by extension 'python'
[0.318s] Level 1:colcon.colcon_core.package_identification:_identify(env/opencv/install/include/opencv4/opencv2/cudev/ptr2d) by extensions ['python_setup_py']
[0.318s] Level 1:colcon.colcon_core.package_identification:_identify(env/opencv/install/include/opencv4/opencv2/cudev/ptr2d) by extension 'python_setup_py'
[0.318s] Level 1:colcon.colcon_core.package_identification:_identify(env/opencv/install/include/opencv4/opencv2/cudev/ptr2d/detail) by extensions ['ignore', 'ignore_ament_install']
[0.318s] Level 1:colcon.colcon_core.package_identification:_identify(env/opencv/install/include/opencv4/opencv2/cudev/ptr2d/detail) by extension 'ignore'
[0.318s] Level 1:colcon.colcon_core.package_identification:_identify(env/opencv/install/include/opencv4/opencv2/cudev/ptr2d/detail) by extension 'ignore_ament_install'
[0.318s] Level 1:colcon.colcon_core.package_identification:_identify(env/opencv/install/include/opencv4/opencv2/cudev/ptr2d/detail) by extensions ['colcon_pkg']
[0.318s] Level 1:colcon.colcon_core.package_identification:_identify(env/opencv/install/include/opencv4/opencv2/cudev/ptr2d/detail) by extension 'colcon_pkg'
[0.318s] Level 1:colcon.colcon_core.package_identification:_identify(env/opencv/install/include/opencv4/opencv2/cudev/ptr2d/detail) by extensions ['colcon_meta']
[0.318s] Level 1:colcon.colcon_core.package_identification:_identify(env/opencv/install/include/opencv4/opencv2/cudev/ptr2d/detail) by extension 'colcon_meta'
[0.318s] Level 1:colcon.colcon_core.package_identification:_identify(env/opencv/install/include/opencv4/opencv2/cudev/ptr2d/detail) by extensions ['ros']
[0.318s] Level 1:colcon.colcon_core.package_identification:_identify(env/opencv/install/include/opencv4/opencv2/cudev/ptr2d/detail) by extension 'ros'
[0.318s] Level 1:colcon.colcon_core.package_identification:_identify(env/opencv/install/include/opencv4/opencv2/cudev/ptr2d/detail) by extensions ['cmake', 'python']
[0.318s] Level 1:colcon.colcon_core.package_identification:_identify(env/opencv/install/include/opencv4/opencv2/cudev/ptr2d/detail) by extension 'cmake'
[0.318s] Level 1:colcon.colcon_core.package_identification:_identify(env/opencv/install/include/opencv4/opencv2/cudev/ptr2d/detail) by extension 'python'
[0.318s] Level 1:colcon.colcon_core.package_identification:_identify(env/opencv/install/include/opencv4/opencv2/cudev/ptr2d/detail) by extensions ['python_setup_py']
[0.318s] Level 1:colcon.colcon_core.package_identification:_identify(env/opencv/install/include/opencv4/opencv2/cudev/ptr2d/detail) by extension 'python_setup_py'
[0.318s] Level 1:colcon.colcon_core.package_identification:_identify(env/opencv/install/include/opencv4/opencv2/cudev/util) by extensions ['ignore', 'ignore_ament_install']
[0.318s] Level 1:colcon.colcon_core.package_identification:_identify(env/opencv/install/include/opencv4/opencv2/cudev/util) by extension 'ignore'
[0.318s] Level 1:colcon.colcon_core.package_identification:_identify(env/opencv/install/include/opencv4/opencv2/cudev/util) by extension 'ignore_ament_install'
[0.318s] Level 1:colcon.colcon_core.package_identification:_identify(env/opencv/install/include/opencv4/opencv2/cudev/util) by extensions ['colcon_pkg']
[0.318s] Level 1:colcon.colcon_core.package_identification:_identify(env/opencv/install/include/opencv4/opencv2/cudev/util) by extension 'colcon_pkg'
[0.318s] Level 1:colcon.colcon_core.package_identification:_identify(env/opencv/install/include/opencv4/opencv2/cudev/util) by extensions ['colcon_meta']
[0.318s] Level 1:colcon.colcon_core.package_identification:_identify(env/opencv/install/include/opencv4/opencv2/cudev/util) by extension 'colcon_meta'
[0.318s] Level 1:colcon.colcon_core.package_identification:_identify(env/opencv/install/include/opencv4/opencv2/cudev/util) by extensions ['ros']
[0.318s] Level 1:colcon.colcon_core.package_identification:_identify(env/opencv/install/include/opencv4/opencv2/cudev/util) by extension 'ros'
[0.318s] Level 1:colcon.colcon_core.package_identification:_identify(env/opencv/install/include/opencv4/opencv2/cudev/util) by extensions ['cmake', 'python']
[0.318s] Level 1:colcon.colcon_core.package_identification:_identify(env/opencv/install/include/opencv4/opencv2/cudev/util) by extension 'cmake'
[0.318s] Level 1:colcon.colcon_core.package_identification:_identify(env/opencv/install/include/opencv4/opencv2/cudev/util) by extension 'python'
[0.318s] Level 1:colcon.colcon_core.package_identification:_identify(env/opencv/install/include/opencv4/opencv2/cudev/util) by extensions ['python_setup_py']
[0.318s] Level 1:colcon.colcon_core.package_identification:_identify(env/opencv/install/include/opencv4/opencv2/cudev/util) by extension 'python_setup_py'
[0.318s] Level 1:colcon.colcon_core.package_identification:_identify(env/opencv/install/include/opencv4/opencv2/cudev/util/detail) by extensions ['ignore', 'ignore_ament_install']
[0.318s] Level 1:colcon.colcon_core.package_identification:_identify(env/opencv/install/include/opencv4/opencv2/cudev/util/detail) by extension 'ignore'
[0.318s] Level 1:colcon.colcon_core.package_identification:_identify(env/opencv/install/include/opencv4/opencv2/cudev/util/detail) by extension 'ignore_ament_install'
[0.318s] Level 1:colcon.colcon_core.package_identification:_identify(env/opencv/install/include/opencv4/opencv2/cudev/util/detail) by extensions ['colcon_pkg']
[0.318s] Level 1:colcon.colcon_core.package_identification:_identify(env/opencv/install/include/opencv4/opencv2/cudev/util/detail) by extension 'colcon_pkg'
[0.318s] Level 1:colcon.colcon_core.package_identification:_identify(env/opencv/install/include/opencv4/opencv2/cudev/util/detail) by extensions ['colcon_meta']
[0.318s] Level 1:colcon.colcon_core.package_identification:_identify(env/opencv/install/include/opencv4/opencv2/cudev/util/detail) by extension 'colcon_meta'
[0.318s] Level 1:colcon.colcon_core.package_identification:_identify(env/opencv/install/include/opencv4/opencv2/cudev/util/detail) by extensions ['ros']
[0.318s] Level 1:colcon.colcon_core.package_identification:_identify(env/opencv/install/include/opencv4/opencv2/cudev/util/detail) by extension 'ros'
[0.319s] Level 1:colcon.colcon_core.package_identification:_identify(env/opencv/install/include/opencv4/opencv2/cudev/util/detail) by extensions ['cmake', 'python']
[0.319s] Level 1:colcon.colcon_core.package_identification:_identify(env/opencv/install/include/opencv4/opencv2/cudev/util/detail) by extension 'cmake'
[0.319s] Level 1:colcon.colcon_core.package_identification:_identify(env/opencv/install/include/opencv4/opencv2/cudev/util/detail) by extension 'python'
[0.319s] Level 1:colcon.colcon_core.package_identification:_identify(env/opencv/install/include/opencv4/opencv2/cudev/util/detail) by extensions ['python_setup_py']
[0.319s] Level 1:colcon.colcon_core.package_identification:_identify(env/opencv/install/include/opencv4/opencv2/cudev/util/detail) by extension 'python_setup_py'
[0.319s] Level 1:colcon.colcon_core.package_identification:_identify(env/opencv/install/include/opencv4/opencv2/cudev/warp) by extensions ['ignore', 'ignore_ament_install']
[0.319s] Level 1:colcon.colcon_core.package_identification:_identify(env/opencv/install/include/opencv4/opencv2/cudev/warp) by extension 'ignore'
[0.319s] Level 1:colcon.colcon_core.package_identification:_identify(env/opencv/install/include/opencv4/opencv2/cudev/warp) by extension 'ignore_ament_install'
[0.319s] Level 1:colcon.colcon_core.package_identification:_identify(env/opencv/install/include/opencv4/opencv2/cudev/warp) by extensions ['colcon_pkg']
[0.319s] Level 1:colcon.colcon_core.package_identification:_identify(env/opencv/install/include/opencv4/opencv2/cudev/warp) by extension 'colcon_pkg'
[0.319s] Level 1:colcon.colcon_core.package_identification:_identify(env/opencv/install/include/opencv4/opencv2/cudev/warp) by extensions ['colcon_meta']
[0.319s] Level 1:colcon.colcon_core.package_identification:_identify(env/opencv/install/include/opencv4/opencv2/cudev/warp) by extension 'colcon_meta'
[0.319s] Level 1:colcon.colcon_core.package_identification:_identify(env/opencv/install/include/opencv4/opencv2/cudev/warp) by extensions ['ros']
[0.319s] Level 1:colcon.colcon_core.package_identification:_identify(env/opencv/install/include/opencv4/opencv2/cudev/warp) by extension 'ros'
[0.319s] Level 1:colcon.colcon_core.package_identification:_identify(env/opencv/install/include/opencv4/opencv2/cudev/warp) by extensions ['cmake', 'python']
[0.319s] Level 1:colcon.colcon_core.package_identification:_identify(env/opencv/install/include/opencv4/opencv2/cudev/warp) by extension 'cmake'
[0.319s] Level 1:colcon.colcon_core.package_identification:_identify(env/opencv/install/include/opencv4/opencv2/cudev/warp) by extension 'python'
[0.319s] Level 1:colcon.colcon_core.package_identification:_identify(env/opencv/install/include/opencv4/opencv2/cudev/warp) by extensions ['python_setup_py']
[0.319s] Level 1:colcon.colcon_core.package_identification:_identify(env/opencv/install/include/opencv4/opencv2/cudev/warp) by extension 'python_setup_py'
[0.319s] Level 1:colcon.colcon_core.package_identification:_identify(env/opencv/install/include/opencv4/opencv2/cudev/warp/detail) by extensions ['ignore', 'ignore_ament_install']
[0.319s] Level 1:colcon.colcon_core.package_identification:_identify(env/opencv/install/include/opencv4/opencv2/cudev/warp/detail) by extension 'ignore'
[0.319s] Level 1:colcon.colcon_core.package_identification:_identify(env/opencv/install/include/opencv4/opencv2/cudev/warp/detail) by extension 'ignore_ament_install'
[0.319s] Level 1:colcon.colcon_core.package_identification:_identify(env/opencv/install/include/opencv4/opencv2/cudev/warp/detail) by extensions ['colcon_pkg']
[0.319s] Level 1:colcon.colcon_core.package_identification:_identify(env/opencv/install/include/opencv4/opencv2/cudev/warp/detail) by extension 'colcon_pkg'
[0.319s] Level 1:colcon.colcon_core.package_identification:_identify(env/opencv/install/include/opencv4/opencv2/cudev/warp/detail) by extensions ['colcon_meta']
[0.319s] Level 1:colcon.colcon_core.package_identification:_identify(env/opencv/install/include/opencv4/opencv2/cudev/warp/detail) by extension 'colcon_meta'
[0.319s] Level 1:colcon.colcon_core.package_identification:_identify(env/opencv/install/include/opencv4/opencv2/cudev/warp/detail) by extensions ['ros']
[0.319s] Level 1:colcon.colcon_core.package_identification:_identify(env/opencv/install/include/opencv4/opencv2/cudev/warp/detail) by extension 'ros'
[0.319s] Level 1:colcon.colcon_core.package_identification:_identify(env/opencv/install/include/opencv4/opencv2/cudev/warp/detail) by extensions ['cmake', 'python']
[0.319s] Level 1:colcon.colcon_core.package_identification:_identify(env/opencv/install/include/opencv4/opencv2/cudev/warp/detail) by extension 'cmake'
[0.319s] Level 1:colcon.colcon_core.package_identification:_identify(env/opencv/install/include/opencv4/opencv2/cudev/warp/detail) by extension 'python'
[0.319s] Level 1:colcon.colcon_core.package_identification:_identify(env/opencv/install/include/opencv4/opencv2/cudev/warp/detail) by extensions ['python_setup_py']
[0.319s] Level 1:colcon.colcon_core.package_identification:_identify(env/opencv/install/include/opencv4/opencv2/cudev/warp/detail) by extension 'python_setup_py'
[0.319s] Level 1:colcon.colcon_core.package_identification:_identify(env/opencv/install/include/opencv4/opencv2/datasets) by extensions ['ignore', 'ignore_ament_install']
[0.319s] Level 1:colcon.colcon_core.package_identification:_identify(env/opencv/install/include/opencv4/opencv2/datasets) by extension 'ignore'
[0.319s] Level 1:colcon.colcon_core.package_identification:_identify(env/opencv/install/include/opencv4/opencv2/datasets) by extension 'ignore_ament_install'
[0.319s] Level 1:colcon.colcon_core.package_identification:_identify(env/opencv/install/include/opencv4/opencv2/datasets) by extensions ['colcon_pkg']
[0.319s] Level 1:colcon.colcon_core.package_identification:_identify(env/opencv/install/include/opencv4/opencv2/datasets) by extension 'colcon_pkg'
[0.319s] Level 1:colcon.colcon_core.package_identification:_identify(env/opencv/install/include/opencv4/opencv2/datasets) by extensions ['colcon_meta']
[0.319s] Level 1:colcon.colcon_core.package_identification:_identify(env/opencv/install/include/opencv4/opencv2/datasets) by extension 'colcon_meta'
[0.319s] Level 1:colcon.colcon_core.package_identification:_identify(env/opencv/install/include/opencv4/opencv2/datasets) by extensions ['ros']
[0.319s] Level 1:colcon.colcon_core.package_identification:_identify(env/opencv/install/include/opencv4/opencv2/datasets) by extension 'ros'
[0.320s] Level 1:colcon.colcon_core.package_identification:_identify(env/opencv/install/include/opencv4/opencv2/datasets) by extensions ['cmake', 'python']
[0.320s] Level 1:colcon.colcon_core.package_identification:_identify(env/opencv/install/include/opencv4/opencv2/datasets) by extension 'cmake'
[0.320s] Level 1:colcon.colcon_core.package_identification:_identify(env/opencv/install/include/opencv4/opencv2/datasets) by extension 'python'
[0.320s] Level 1:colcon.colcon_core.package_identification:_identify(env/opencv/install/include/opencv4/opencv2/datasets) by extensions ['python_setup_py']
[0.320s] Level 1:colcon.colcon_core.package_identification:_identify(env/opencv/install/include/opencv4/opencv2/datasets) by extension 'python_setup_py'
[0.320s] Level 1:colcon.colcon_core.package_identification:_identify(env/opencv/install/include/opencv4/opencv2/dnn) by extensions ['ignore', 'ignore_ament_install']
[0.320s] Level 1:colcon.colcon_core.package_identification:_identify(env/opencv/install/include/opencv4/opencv2/dnn) by extension 'ignore'
[0.320s] Level 1:colcon.colcon_core.package_identification:_identify(env/opencv/install/include/opencv4/opencv2/dnn) by extension 'ignore_ament_install'
[0.320s] Level 1:colcon.colcon_core.package_identification:_identify(env/opencv/install/include/opencv4/opencv2/dnn) by extensions ['colcon_pkg']
[0.320s] Level 1:colcon.colcon_core.package_identification:_identify(env/opencv/install/include/opencv4/opencv2/dnn) by extension 'colcon_pkg'
[0.320s] Level 1:colcon.colcon_core.package_identification:_identify(env/opencv/install/include/opencv4/opencv2/dnn) by extensions ['colcon_meta']
[0.320s] Level 1:colcon.colcon_core.package_identification:_identify(env/opencv/install/include/opencv4/opencv2/dnn) by extension 'colcon_meta'
[0.320s] Level 1:colcon.colcon_core.package_identification:_identify(env/opencv/install/include/opencv4/opencv2/dnn) by extensions ['ros']
[0.320s] Level 1:colcon.colcon_core.package_identification:_identify(env/opencv/install/include/opencv4/opencv2/dnn) by extension 'ros'
[0.320s] Level 1:colcon.colcon_core.package_identification:_identify(env/opencv/install/include/opencv4/opencv2/dnn) by extensions ['cmake', 'python']
[0.320s] Level 1:colcon.colcon_core.package_identification:_identify(env/opencv/install/include/opencv4/opencv2/dnn) by extension 'cmake'
[0.320s] Level 1:colcon.colcon_core.package_identification:_identify(env/opencv/install/include/opencv4/opencv2/dnn) by extension 'python'
[0.320s] Level 1:colcon.colcon_core.package_identification:_identify(env/opencv/install/include/opencv4/opencv2/dnn) by extensions ['python_setup_py']
[0.320s] Level 1:colcon.colcon_core.package_identification:_identify(env/opencv/install/include/opencv4/opencv2/dnn) by extension 'python_setup_py'
[0.320s] Level 1:colcon.colcon_core.package_identification:_identify(env/opencv/install/include/opencv4/opencv2/dnn/utils) by extensions ['ignore', 'ignore_ament_install']
[0.320s] Level 1:colcon.colcon_core.package_identification:_identify(env/opencv/install/include/opencv4/opencv2/dnn/utils) by extension 'ignore'
[0.320s] Level 1:colcon.colcon_core.package_identification:_identify(env/opencv/install/include/opencv4/opencv2/dnn/utils) by extension 'ignore_ament_install'
[0.320s] Level 1:colcon.colcon_core.package_identification:_identify(env/opencv/install/include/opencv4/opencv2/dnn/utils) by extensions ['colcon_pkg']
[0.320s] Level 1:colcon.colcon_core.package_identification:_identify(env/opencv/install/include/opencv4/opencv2/dnn/utils) by extension 'colcon_pkg'
[0.320s] Level 1:colcon.colcon_core.package_identification:_identify(env/opencv/install/include/opencv4/opencv2/dnn/utils) by extensions ['colcon_meta']
[0.320s] Level 1:colcon.colcon_core.package_identification:_identify(env/opencv/install/include/opencv4/opencv2/dnn/utils) by extension 'colcon_meta'
[0.320s] Level 1:colcon.colcon_core.package_identification:_identify(env/opencv/install/include/opencv4/opencv2/dnn/utils) by extensions ['ros']
[0.320s] Level 1:colcon.colcon_core.package_identification:_identify(env/opencv/install/include/opencv4/opencv2/dnn/utils) by extension 'ros'
[0.320s] Level 1:colcon.colcon_core.package_identification:_identify(env/opencv/install/include/opencv4/opencv2/dnn/utils) by extensions ['cmake', 'python']
[0.320s] Level 1:colcon.colcon_core.package_identification:_identify(env/opencv/install/include/opencv4/opencv2/dnn/utils) by extension 'cmake'
[0.320s] Level 1:colcon.colcon_core.package_identification:_identify(env/opencv/install/include/opencv4/opencv2/dnn/utils) by extension 'python'
[0.320s] Level 1:colcon.colcon_core.package_identification:_identify(env/opencv/install/include/opencv4/opencv2/dnn/utils) by extensions ['python_setup_py']
[0.320s] Level 1:colcon.colcon_core.package_identification:_identify(env/opencv/install/include/opencv4/opencv2/dnn/utils) by extension 'python_setup_py'
[0.320s] Level 1:colcon.colcon_core.package_identification:_identify(env/opencv/install/include/opencv4/opencv2/face) by extensions ['ignore', 'ignore_ament_install']
[0.320s] Level 1:colcon.colcon_core.package_identification:_identify(env/opencv/install/include/opencv4/opencv2/face) by extension 'ignore'
[0.320s] Level 1:colcon.colcon_core.package_identification:_identify(env/opencv/install/include/opencv4/opencv2/face) by extension 'ignore_ament_install'
[0.320s] Level 1:colcon.colcon_core.package_identification:_identify(env/opencv/install/include/opencv4/opencv2/face) by extensions ['colcon_pkg']
[0.320s] Level 1:colcon.colcon_core.package_identification:_identify(env/opencv/install/include/opencv4/opencv2/face) by extension 'colcon_pkg'
[0.320s] Level 1:colcon.colcon_core.package_identification:_identify(env/opencv/install/include/opencv4/opencv2/face) by extensions ['colcon_meta']
[0.320s] Level 1:colcon.colcon_core.package_identification:_identify(env/opencv/install/include/opencv4/opencv2/face) by extension 'colcon_meta'
[0.320s] Level 1:colcon.colcon_core.package_identification:_identify(env/opencv/install/include/opencv4/opencv2/face) by extensions ['ros']
[0.320s] Level 1:colcon.colcon_core.package_identification:_identify(env/opencv/install/include/opencv4/opencv2/face) by extension 'ros'
[0.321s] Level 1:colcon.colcon_core.package_identification:_identify(env/opencv/install/include/opencv4/opencv2/face) by extensions ['cmake', 'python']
[0.321s] Level 1:colcon.colcon_core.package_identification:_identify(env/opencv/install/include/opencv4/opencv2/face) by extension 'cmake'
[0.321s] Level 1:colcon.colcon_core.package_identification:_identify(env/opencv/install/include/opencv4/opencv2/face) by extension 'python'
[0.321s] Level 1:colcon.colcon_core.package_identification:_identify(env/opencv/install/include/opencv4/opencv2/face) by extensions ['python_setup_py']
[0.321s] Level 1:colcon.colcon_core.package_identification:_identify(env/opencv/install/include/opencv4/opencv2/face) by extension 'python_setup_py'
[0.321s] Level 1:colcon.colcon_core.package_identification:_identify(env/opencv/install/include/opencv4/opencv2/features2d) by extensions ['ignore', 'ignore_ament_install']
[0.321s] Level 1:colcon.colcon_core.package_identification:_identify(env/opencv/install/include/opencv4/opencv2/features2d) by extension 'ignore'
[0.321s] Level 1:colcon.colcon_core.package_identification:_identify(env/opencv/install/include/opencv4/opencv2/features2d) by extension 'ignore_ament_install'
[0.321s] Level 1:colcon.colcon_core.package_identification:_identify(env/opencv/install/include/opencv4/opencv2/features2d) by extensions ['colcon_pkg']
[0.321s] Level 1:colcon.colcon_core.package_identification:_identify(env/opencv/install/include/opencv4/opencv2/features2d) by extension 'colcon_pkg'
[0.321s] Level 1:colcon.colcon_core.package_identification:_identify(env/opencv/install/include/opencv4/opencv2/features2d) by extensions ['colcon_meta']
[0.321s] Level 1:colcon.colcon_core.package_identification:_identify(env/opencv/install/include/opencv4/opencv2/features2d) by extension 'colcon_meta'
[0.321s] Level 1:colcon.colcon_core.package_identification:_identify(env/opencv/install/include/opencv4/opencv2/features2d) by extensions ['ros']
[0.321s] Level 1:colcon.colcon_core.package_identification:_identify(env/opencv/install/include/opencv4/opencv2/features2d) by extension 'ros'
[0.321s] Level 1:colcon.colcon_core.package_identification:_identify(env/opencv/install/include/opencv4/opencv2/features2d) by extensions ['cmake', 'python']
[0.321s] Level 1:colcon.colcon_core.package_identification:_identify(env/opencv/install/include/opencv4/opencv2/features2d) by extension 'cmake'
[0.321s] Level 1:colcon.colcon_core.package_identification:_identify(env/opencv/install/include/opencv4/opencv2/features2d) by extension 'python'
[0.321s] Level 1:colcon.colcon_core.package_identification:_identify(env/opencv/install/include/opencv4/opencv2/features2d) by extensions ['python_setup_py']
[0.321s] Level 1:colcon.colcon_core.package_identification:_identify(env/opencv/install/include/opencv4/opencv2/features2d) by extension 'python_setup_py'
[0.321s] Level 1:colcon.colcon_core.package_identification:_identify(env/opencv/install/include/opencv4/opencv2/features2d/hal) by extensions ['ignore', 'ignore_ament_install']
[0.321s] Level 1:colcon.colcon_core.package_identification:_identify(env/opencv/install/include/opencv4/opencv2/features2d/hal) by extension 'ignore'
[0.321s] Level 1:colcon.colcon_core.package_identification:_identify(env/opencv/install/include/opencv4/opencv2/features2d/hal) by extension 'ignore_ament_install'
[0.321s] Level 1:colcon.colcon_core.package_identification:_identify(env/opencv/install/include/opencv4/opencv2/features2d/hal) by extensions ['colcon_pkg']
[0.321s] Level 1:colcon.colcon_core.package_identification:_identify(env/opencv/install/include/opencv4/opencv2/features2d/hal) by extension 'colcon_pkg'
[0.321s] Level 1:colcon.colcon_core.package_identification:_identify(env/opencv/install/include/opencv4/opencv2/features2d/hal) by extensions ['colcon_meta']
[0.321s] Level 1:colcon.colcon_core.package_identification:_identify(env/opencv/install/include/opencv4/opencv2/features2d/hal) by extension 'colcon_meta'
[0.321s] Level 1:colcon.colcon_core.package_identification:_identify(env/opencv/install/include/opencv4/opencv2/features2d/hal) by extensions ['ros']
[0.321s] Level 1:colcon.colcon_core.package_identification:_identify(env/opencv/install/include/opencv4/opencv2/features2d/hal) by extension 'ros'
[0.321s] Level 1:colcon.colcon_core.package_identification:_identify(env/opencv/install/include/opencv4/opencv2/features2d/hal) by extensions ['cmake', 'python']
[0.321s] Level 1:colcon.colcon_core.package_identification:_identify(env/opencv/install/include/opencv4/opencv2/features2d/hal) by extension 'cmake'
[0.321s] Level 1:colcon.colcon_core.package_identification:_identify(env/opencv/install/include/opencv4/opencv2/features2d/hal) by extension 'python'
[0.321s] Level 1:colcon.colcon_core.package_identification:_identify(env/opencv/install/include/opencv4/opencv2/features2d/hal) by extensions ['python_setup_py']
[0.321s] Level 1:colcon.colcon_core.package_identification:_identify(env/opencv/install/include/opencv4/opencv2/features2d/hal) by extension 'python_setup_py'
[0.321s] Level 1:colcon.colcon_core.package_identification:_identify(env/opencv/install/include/opencv4/opencv2/flann) by extensions ['ignore', 'ignore_ament_install']
[0.321s] Level 1:colcon.colcon_core.package_identification:_identify(env/opencv/install/include/opencv4/opencv2/flann) by extension 'ignore'
[0.321s] Level 1:colcon.colcon_core.package_identification:_identify(env/opencv/install/include/opencv4/opencv2/flann) by extension 'ignore_ament_install'
[0.321s] Level 1:colcon.colcon_core.package_identification:_identify(env/opencv/install/include/opencv4/opencv2/flann) by extensions ['colcon_pkg']
[0.321s] Level 1:colcon.colcon_core.package_identification:_identify(env/opencv/install/include/opencv4/opencv2/flann) by extension 'colcon_pkg'
[0.321s] Level 1:colcon.colcon_core.package_identification:_identify(env/opencv/install/include/opencv4/opencv2/flann) by extensions ['colcon_meta']
[0.321s] Level 1:colcon.colcon_core.package_identification:_identify(env/opencv/install/include/opencv4/opencv2/flann) by extension 'colcon_meta'
[0.321s] Level 1:colcon.colcon_core.package_identification:_identify(env/opencv/install/include/opencv4/opencv2/flann) by extensions ['ros']
[0.321s] Level 1:colcon.colcon_core.package_identification:_identify(env/opencv/install/include/opencv4/opencv2/flann) by extension 'ros'
[0.322s] Level 1:colcon.colcon_core.package_identification:_identify(env/opencv/install/include/opencv4/opencv2/flann) by extensions ['cmake', 'python']
[0.322s] Level 1:colcon.colcon_core.package_identification:_identify(env/opencv/install/include/opencv4/opencv2/flann) by extension 'cmake'
[0.322s] Level 1:colcon.colcon_core.package_identification:_identify(env/opencv/install/include/opencv4/opencv2/flann) by extension 'python'
[0.322s] Level 1:colcon.colcon_core.package_identification:_identify(env/opencv/install/include/opencv4/opencv2/flann) by extensions ['python_setup_py']
[0.322s] Level 1:colcon.colcon_core.package_identification:_identify(env/opencv/install/include/opencv4/opencv2/flann) by extension 'python_setup_py'
[0.322s] Level 1:colcon.colcon_core.package_identification:_identify(env/opencv/install/include/opencv4/opencv2/fuzzy) by extensions ['ignore', 'ignore_ament_install']
[0.322s] Level 1:colcon.colcon_core.package_identification:_identify(env/opencv/install/include/opencv4/opencv2/fuzzy) by extension 'ignore'
[0.322s] Level 1:colcon.colcon_core.package_identification:_identify(env/opencv/install/include/opencv4/opencv2/fuzzy) by extension 'ignore_ament_install'
[0.322s] Level 1:colcon.colcon_core.package_identification:_identify(env/opencv/install/include/opencv4/opencv2/fuzzy) by extensions ['colcon_pkg']
[0.322s] Level 1:colcon.colcon_core.package_identification:_identify(env/opencv/install/include/opencv4/opencv2/fuzzy) by extension 'colcon_pkg'
[0.322s] Level 1:colcon.colcon_core.package_identification:_identify(env/opencv/install/include/opencv4/opencv2/fuzzy) by extensions ['colcon_meta']
[0.322s] Level 1:colcon.colcon_core.package_identification:_identify(env/opencv/install/include/opencv4/opencv2/fuzzy) by extension 'colcon_meta'
[0.322s] Level 1:colcon.colcon_core.package_identification:_identify(env/opencv/install/include/opencv4/opencv2/fuzzy) by extensions ['ros']
[0.322s] Level 1:colcon.colcon_core.package_identification:_identify(env/opencv/install/include/opencv4/opencv2/fuzzy) by extension 'ros'
[0.322s] Level 1:colcon.colcon_core.package_identification:_identify(env/opencv/install/include/opencv4/opencv2/fuzzy) by extensions ['cmake', 'python']
[0.322s] Level 1:colcon.colcon_core.package_identification:_identify(env/opencv/install/include/opencv4/opencv2/fuzzy) by extension 'cmake'
[0.322s] Level 1:colcon.colcon_core.package_identification:_identify(env/opencv/install/include/opencv4/opencv2/fuzzy) by extension 'python'
[0.322s] Level 1:colcon.colcon_core.package_identification:_identify(env/opencv/install/include/opencv4/opencv2/fuzzy) by extensions ['python_setup_py']
[0.322s] Level 1:colcon.colcon_core.package_identification:_identify(env/opencv/install/include/opencv4/opencv2/fuzzy) by extension 'python_setup_py'
[0.322s] Level 1:colcon.colcon_core.package_identification:_identify(env/opencv/install/include/opencv4/opencv2/gapi) by extensions ['ignore', 'ignore_ament_install']
[0.322s] Level 1:colcon.colcon_core.package_identification:_identify(env/opencv/install/include/opencv4/opencv2/gapi) by extension 'ignore'
[0.322s] Level 1:colcon.colcon_core.package_identification:_identify(env/opencv/install/include/opencv4/opencv2/gapi) by extension 'ignore_ament_install'
[0.322s] Level 1:colcon.colcon_core.package_identification:_identify(env/opencv/install/include/opencv4/opencv2/gapi) by extensions ['colcon_pkg']
[0.322s] Level 1:colcon.colcon_core.package_identification:_identify(env/opencv/install/include/opencv4/opencv2/gapi) by extension 'colcon_pkg'
[0.322s] Level 1:colcon.colcon_core.package_identification:_identify(env/opencv/install/include/opencv4/opencv2/gapi) by extensions ['colcon_meta']
[0.322s] Level 1:colcon.colcon_core.package_identification:_identify(env/opencv/install/include/opencv4/opencv2/gapi) by extension 'colcon_meta'
[0.322s] Level 1:colcon.colcon_core.package_identification:_identify(env/opencv/install/include/opencv4/opencv2/gapi) by extensions ['ros']
[0.322s] Level 1:colcon.colcon_core.package_identification:_identify(env/opencv/install/include/opencv4/opencv2/gapi) by extension 'ros'
[0.322s] Level 1:colcon.colcon_core.package_identification:_identify(env/opencv/install/include/opencv4/opencv2/gapi) by extensions ['cmake', 'python']
[0.322s] Level 1:colcon.colcon_core.package_identification:_identify(env/opencv/install/include/opencv4/opencv2/gapi) by extension 'cmake'
[0.322s] Level 1:colcon.colcon_core.package_identification:_identify(env/opencv/install/include/opencv4/opencv2/gapi) by extension 'python'
[0.322s] Level 1:colcon.colcon_core.package_identification:_identify(env/opencv/install/include/opencv4/opencv2/gapi) by extensions ['python_setup_py']
[0.322s] Level 1:colcon.colcon_core.package_identification:_identify(env/opencv/install/include/opencv4/opencv2/gapi) by extension 'python_setup_py'
[0.322s] Level 1:colcon.colcon_core.package_identification:_identify(env/opencv/install/include/opencv4/opencv2/gapi/cpu) by extensions ['ignore', 'ignore_ament_install']
[0.322s] Level 1:colcon.colcon_core.package_identification:_identify(env/opencv/install/include/opencv4/opencv2/gapi/cpu) by extension 'ignore'
[0.322s] Level 1:colcon.colcon_core.package_identification:_identify(env/opencv/install/include/opencv4/opencv2/gapi/cpu) by extension 'ignore_ament_install'
[0.322s] Level 1:colcon.colcon_core.package_identification:_identify(env/opencv/install/include/opencv4/opencv2/gapi/cpu) by extensions ['colcon_pkg']
[0.322s] Level 1:colcon.colcon_core.package_identification:_identify(env/opencv/install/include/opencv4/opencv2/gapi/cpu) by extension 'colcon_pkg'
[0.322s] Level 1:colcon.colcon_core.package_identification:_identify(env/opencv/install/include/opencv4/opencv2/gapi/cpu) by extensions ['colcon_meta']
[0.322s] Level 1:colcon.colcon_core.package_identification:_identify(env/opencv/install/include/opencv4/opencv2/gapi/cpu) by extension 'colcon_meta'
[0.322s] Level 1:colcon.colcon_core.package_identification:_identify(env/opencv/install/include/opencv4/opencv2/gapi/cpu) by extensions ['ros']
[0.322s] Level 1:colcon.colcon_core.package_identification:_identify(env/opencv/install/include/opencv4/opencv2/gapi/cpu) by extension 'ros'
[0.323s] Level 1:colcon.colcon_core.package_identification:_identify(env/opencv/install/include/opencv4/opencv2/gapi/cpu) by extensions ['cmake', 'python']
[0.323s] Level 1:colcon.colcon_core.package_identification:_identify(env/opencv/install/include/opencv4/opencv2/gapi/cpu) by extension 'cmake'
[0.323s] Level 1:colcon.colcon_core.package_identification:_identify(env/opencv/install/include/opencv4/opencv2/gapi/cpu) by extension 'python'
[0.323s] Level 1:colcon.colcon_core.package_identification:_identify(env/opencv/install/include/opencv4/opencv2/gapi/cpu) by extensions ['python_setup_py']
[0.323s] Level 1:colcon.colcon_core.package_identification:_identify(env/opencv/install/include/opencv4/opencv2/gapi/cpu) by extension 'python_setup_py'
[0.323s] Level 1:colcon.colcon_core.package_identification:_identify(env/opencv/install/include/opencv4/opencv2/gapi/fluid) by extensions ['ignore', 'ignore_ament_install']
[0.323s] Level 1:colcon.colcon_core.package_identification:_identify(env/opencv/install/include/opencv4/opencv2/gapi/fluid) by extension 'ignore'
[0.323s] Level 1:colcon.colcon_core.package_identification:_identify(env/opencv/install/include/opencv4/opencv2/gapi/fluid) by extension 'ignore_ament_install'
[0.323s] Level 1:colcon.colcon_core.package_identification:_identify(env/opencv/install/include/opencv4/opencv2/gapi/fluid) by extensions ['colcon_pkg']
[0.323s] Level 1:colcon.colcon_core.package_identification:_identify(env/opencv/install/include/opencv4/opencv2/gapi/fluid) by extension 'colcon_pkg'
[0.323s] Level 1:colcon.colcon_core.package_identification:_identify(env/opencv/install/include/opencv4/opencv2/gapi/fluid) by extensions ['colcon_meta']
[0.323s] Level 1:colcon.colcon_core.package_identification:_identify(env/opencv/install/include/opencv4/opencv2/gapi/fluid) by extension 'colcon_meta'
[0.323s] Level 1:colcon.colcon_core.package_identification:_identify(env/opencv/install/include/opencv4/opencv2/gapi/fluid) by extensions ['ros']
[0.323s] Level 1:colcon.colcon_core.package_identification:_identify(env/opencv/install/include/opencv4/opencv2/gapi/fluid) by extension 'ros'
[0.323s] Level 1:colcon.colcon_core.package_identification:_identify(env/opencv/install/include/opencv4/opencv2/gapi/fluid) by extensions ['cmake', 'python']
[0.323s] Level 1:colcon.colcon_core.package_identification:_identify(env/opencv/install/include/opencv4/opencv2/gapi/fluid) by extension 'cmake'
[0.323s] Level 1:colcon.colcon_core.package_identification:_identify(env/opencv/install/include/opencv4/opencv2/gapi/fluid) by extension 'python'
[0.323s] Level 1:colcon.colcon_core.package_identification:_identify(env/opencv/install/include/opencv4/opencv2/gapi/fluid) by extensions ['python_setup_py']
[0.323s] Level 1:colcon.colcon_core.package_identification:_identify(env/opencv/install/include/opencv4/opencv2/gapi/fluid) by extension 'python_setup_py'
[0.323s] Level 1:colcon.colcon_core.package_identification:_identify(env/opencv/install/include/opencv4/opencv2/gapi/gpu) by extensions ['ignore', 'ignore_ament_install']
[0.323s] Level 1:colcon.colcon_core.package_identification:_identify(env/opencv/install/include/opencv4/opencv2/gapi/gpu) by extension 'ignore'
[0.323s] Level 1:colcon.colcon_core.package_identification:_identify(env/opencv/install/include/opencv4/opencv2/gapi/gpu) by extension 'ignore_ament_install'
[0.323s] Level 1:colcon.colcon_core.package_identification:_identify(env/opencv/install/include/opencv4/opencv2/gapi/gpu) by extensions ['colcon_pkg']
[0.323s] Level 1:colcon.colcon_core.package_identification:_identify(env/opencv/install/include/opencv4/opencv2/gapi/gpu) by extension 'colcon_pkg'
[0.323s] Level 1:colcon.colcon_core.package_identification:_identify(env/opencv/install/include/opencv4/opencv2/gapi/gpu) by extensions ['colcon_meta']
[0.323s] Level 1:colcon.colcon_core.package_identification:_identify(env/opencv/install/include/opencv4/opencv2/gapi/gpu) by extension 'colcon_meta'
[0.323s] Level 1:colcon.colcon_core.package_identification:_identify(env/opencv/install/include/opencv4/opencv2/gapi/gpu) by extensions ['ros']
[0.323s] Level 1:colcon.colcon_core.package_identification:_identify(env/opencv/install/include/opencv4/opencv2/gapi/gpu) by extension 'ros'
[0.323s] Level 1:colcon.colcon_core.package_identification:_identify(env/opencv/install/include/opencv4/opencv2/gapi/gpu) by extensions ['cmake', 'python']
[0.323s] Level 1:colcon.colcon_core.package_identification:_identify(env/opencv/install/include/opencv4/opencv2/gapi/gpu) by extension 'cmake'
[0.323s] Level 1:colcon.colcon_core.package_identification:_identify(env/opencv/install/include/opencv4/opencv2/gapi/gpu) by extension 'python'
[0.323s] Level 1:colcon.colcon_core.package_identification:_identify(env/opencv/install/include/opencv4/opencv2/gapi/gpu) by extensions ['python_setup_py']
[0.323s] Level 1:colcon.colcon_core.package_identification:_identify(env/opencv/install/include/opencv4/opencv2/gapi/gpu) by extension 'python_setup_py'
[0.323s] Level 1:colcon.colcon_core.package_identification:_identify(env/opencv/install/include/opencv4/opencv2/gapi/infer) by extensions ['ignore', 'ignore_ament_install']
[0.323s] Level 1:colcon.colcon_core.package_identification:_identify(env/opencv/install/include/opencv4/opencv2/gapi/infer) by extension 'ignore'
[0.323s] Level 1:colcon.colcon_core.package_identification:_identify(env/opencv/install/include/opencv4/opencv2/gapi/infer) by extension 'ignore_ament_install'
[0.323s] Level 1:colcon.colcon_core.package_identification:_identify(env/opencv/install/include/opencv4/opencv2/gapi/infer) by extensions ['colcon_pkg']
[0.323s] Level 1:colcon.colcon_core.package_identification:_identify(env/opencv/install/include/opencv4/opencv2/gapi/infer) by extension 'colcon_pkg'
[0.323s] Level 1:colcon.colcon_core.package_identification:_identify(env/opencv/install/include/opencv4/opencv2/gapi/infer) by extensions ['colcon_meta']
[0.323s] Level 1:colcon.colcon_core.package_identification:_identify(env/opencv/install/include/opencv4/opencv2/gapi/infer) by extension 'colcon_meta'
[0.323s] Level 1:colcon.colcon_core.package_identification:_identify(env/opencv/install/include/opencv4/opencv2/gapi/infer) by extensions ['ros']
[0.323s] Level 1:colcon.colcon_core.package_identification:_identify(env/opencv/install/include/opencv4/opencv2/gapi/infer) by extension 'ros'
[0.324s] Level 1:colcon.colcon_core.package_identification:_identify(env/opencv/install/include/opencv4/opencv2/gapi/infer) by extensions ['cmake', 'python']
[0.324s] Level 1:colcon.colcon_core.package_identification:_identify(env/opencv/install/include/opencv4/opencv2/gapi/infer) by extension 'cmake'
[0.324s] Level 1:colcon.colcon_core.package_identification:_identify(env/opencv/install/include/opencv4/opencv2/gapi/infer) by extension 'python'
[0.324s] Level 1:colcon.colcon_core.package_identification:_identify(env/opencv/install/include/opencv4/opencv2/gapi/infer) by extensions ['python_setup_py']
[0.324s] Level 1:colcon.colcon_core.package_identification:_identify(env/opencv/install/include/opencv4/opencv2/gapi/infer) by extension 'python_setup_py'
[0.324s] Level 1:colcon.colcon_core.package_identification:_identify(env/opencv/install/include/opencv4/opencv2/gapi/oak) by extensions ['ignore', 'ignore_ament_install']
[0.324s] Level 1:colcon.colcon_core.package_identification:_identify(env/opencv/install/include/opencv4/opencv2/gapi/oak) by extension 'ignore'
[0.324s] Level 1:colcon.colcon_core.package_identification:_identify(env/opencv/install/include/opencv4/opencv2/gapi/oak) by extension 'ignore_ament_install'
[0.324s] Level 1:colcon.colcon_core.package_identification:_identify(env/opencv/install/include/opencv4/opencv2/gapi/oak) by extensions ['colcon_pkg']
[0.324s] Level 1:colcon.colcon_core.package_identification:_identify(env/opencv/install/include/opencv4/opencv2/gapi/oak) by extension 'colcon_pkg'
[0.324s] Level 1:colcon.colcon_core.package_identification:_identify(env/opencv/install/include/opencv4/opencv2/gapi/oak) by extensions ['colcon_meta']
[0.324s] Level 1:colcon.colcon_core.package_identification:_identify(env/opencv/install/include/opencv4/opencv2/gapi/oak) by extension 'colcon_meta'
[0.324s] Level 1:colcon.colcon_core.package_identification:_identify(env/opencv/install/include/opencv4/opencv2/gapi/oak) by extensions ['ros']
[0.324s] Level 1:colcon.colcon_core.package_identification:_identify(env/opencv/install/include/opencv4/opencv2/gapi/oak) by extension 'ros'
[0.324s] Level 1:colcon.colcon_core.package_identification:_identify(env/opencv/install/include/opencv4/opencv2/gapi/oak) by extensions ['cmake', 'python']
[0.324s] Level 1:colcon.colcon_core.package_identification:_identify(env/opencv/install/include/opencv4/opencv2/gapi/oak) by extension 'cmake'
[0.324s] Level 1:colcon.colcon_core.package_identification:_identify(env/opencv/install/include/opencv4/opencv2/gapi/oak) by extension 'python'
[0.324s] Level 1:colcon.colcon_core.package_identification:_identify(env/opencv/install/include/opencv4/opencv2/gapi/oak) by extensions ['python_setup_py']
[0.324s] Level 1:colcon.colcon_core.package_identification:_identify(env/opencv/install/include/opencv4/opencv2/gapi/oak) by extension 'python_setup_py'
[0.324s] Level 1:colcon.colcon_core.package_identification:_identify(env/opencv/install/include/opencv4/opencv2/gapi/ocl) by extensions ['ignore', 'ignore_ament_install']
[0.324s] Level 1:colcon.colcon_core.package_identification:_identify(env/opencv/install/include/opencv4/opencv2/gapi/ocl) by extension 'ignore'
[0.324s] Level 1:colcon.colcon_core.package_identification:_identify(env/opencv/install/include/opencv4/opencv2/gapi/ocl) by extension 'ignore_ament_install'
[0.324s] Level 1:colcon.colcon_core.package_identification:_identify(env/opencv/install/include/opencv4/opencv2/gapi/ocl) by extensions ['colcon_pkg']
[0.324s] Level 1:colcon.colcon_core.package_identification:_identify(env/opencv/install/include/opencv4/opencv2/gapi/ocl) by extension 'colcon_pkg'
[0.324s] Level 1:colcon.colcon_core.package_identification:_identify(env/opencv/install/include/opencv4/opencv2/gapi/ocl) by extensions ['colcon_meta']
[0.324s] Level 1:colcon.colcon_core.package_identification:_identify(env/opencv/install/include/opencv4/opencv2/gapi/ocl) by extension 'colcon_meta'
[0.324s] Level 1:colcon.colcon_core.package_identification:_identify(env/opencv/install/include/opencv4/opencv2/gapi/ocl) by extensions ['ros']
[0.324s] Level 1:colcon.colcon_core.package_identification:_identify(env/opencv/install/include/opencv4/opencv2/gapi/ocl) by extension 'ros'
[0.324s] Level 1:colcon.colcon_core.package_identification:_identify(env/opencv/install/include/opencv4/opencv2/gapi/ocl) by extensions ['cmake', 'python']
[0.324s] Level 1:colcon.colcon_core.package_identification:_identify(env/opencv/install/include/opencv4/opencv2/gapi/ocl) by extension 'cmake'
[0.324s] Level 1:colcon.colcon_core.package_identification:_identify(env/opencv/install/include/opencv4/opencv2/gapi/ocl) by extension 'python'
[0.324s] Level 1:colcon.colcon_core.package_identification:_identify(env/opencv/install/include/opencv4/opencv2/gapi/ocl) by extensions ['python_setup_py']
[0.324s] Level 1:colcon.colcon_core.package_identification:_identify(env/opencv/install/include/opencv4/opencv2/gapi/ocl) by extension 'python_setup_py'
[0.324s] Level 1:colcon.colcon_core.package_identification:_identify(env/opencv/install/include/opencv4/opencv2/gapi/own) by extensions ['ignore', 'ignore_ament_install']
[0.324s] Level 1:colcon.colcon_core.package_identification:_identify(env/opencv/install/include/opencv4/opencv2/gapi/own) by extension 'ignore'
[0.324s] Level 1:colcon.colcon_core.package_identification:_identify(env/opencv/install/include/opencv4/opencv2/gapi/own) by extension 'ignore_ament_install'
[0.324s] Level 1:colcon.colcon_core.package_identification:_identify(env/opencv/install/include/opencv4/opencv2/gapi/own) by extensions ['colcon_pkg']
[0.324s] Level 1:colcon.colcon_core.package_identification:_identify(env/opencv/install/include/opencv4/opencv2/gapi/own) by extension 'colcon_pkg'
[0.324s] Level 1:colcon.colcon_core.package_identification:_identify(env/opencv/install/include/opencv4/opencv2/gapi/own) by extensions ['colcon_meta']
[0.324s] Level 1:colcon.colcon_core.package_identification:_identify(env/opencv/install/include/opencv4/opencv2/gapi/own) by extension 'colcon_meta'
[0.324s] Level 1:colcon.colcon_core.package_identification:_identify(env/opencv/install/include/opencv4/opencv2/gapi/own) by extensions ['ros']
[0.324s] Level 1:colcon.colcon_core.package_identification:_identify(env/opencv/install/include/opencv4/opencv2/gapi/own) by extension 'ros'
[0.324s] Level 1:colcon.colcon_core.package_identification:_identify(env/opencv/install/include/opencv4/opencv2/gapi/own) by extensions ['cmake', 'python']
[0.325s] Level 1:colcon.colcon_core.package_identification:_identify(env/opencv/install/include/opencv4/opencv2/gapi/own) by extension 'cmake'
[0.325s] Level 1:colcon.colcon_core.package_identification:_identify(env/opencv/install/include/opencv4/opencv2/gapi/own) by extension 'python'
[0.325s] Level 1:colcon.colcon_core.package_identification:_identify(env/opencv/install/include/opencv4/opencv2/gapi/own) by extensions ['python_setup_py']
[0.325s] Level 1:colcon.colcon_core.package_identification:_identify(env/opencv/install/include/opencv4/opencv2/gapi/own) by extension 'python_setup_py'
[0.325s] Level 1:colcon.colcon_core.package_identification:_identify(env/opencv/install/include/opencv4/opencv2/gapi/plaidml) by extensions ['ignore', 'ignore_ament_install']
[0.325s] Level 1:colcon.colcon_core.package_identification:_identify(env/opencv/install/include/opencv4/opencv2/gapi/plaidml) by extension 'ignore'
[0.325s] Level 1:colcon.colcon_core.package_identification:_identify(env/opencv/install/include/opencv4/opencv2/gapi/plaidml) by extension 'ignore_ament_install'
[0.325s] Level 1:colcon.colcon_core.package_identification:_identify(env/opencv/install/include/opencv4/opencv2/gapi/plaidml) by extensions ['colcon_pkg']
[0.325s] Level 1:colcon.colcon_core.package_identification:_identify(env/opencv/install/include/opencv4/opencv2/gapi/plaidml) by extension 'colcon_pkg'
[0.325s] Level 1:colcon.colcon_core.package_identification:_identify(env/opencv/install/include/opencv4/opencv2/gapi/plaidml) by extensions ['colcon_meta']
[0.325s] Level 1:colcon.colcon_core.package_identification:_identify(env/opencv/install/include/opencv4/opencv2/gapi/plaidml) by extension 'colcon_meta'
[0.325s] Level 1:colcon.colcon_core.package_identification:_identify(env/opencv/install/include/opencv4/opencv2/gapi/plaidml) by extensions ['ros']
[0.325s] Level 1:colcon.colcon_core.package_identification:_identify(env/opencv/install/include/opencv4/opencv2/gapi/plaidml) by extension 'ros'
[0.325s] Level 1:colcon.colcon_core.package_identification:_identify(env/opencv/install/include/opencv4/opencv2/gapi/plaidml) by extensions ['cmake', 'python']
[0.325s] Level 1:colcon.colcon_core.package_identification:_identify(env/opencv/install/include/opencv4/opencv2/gapi/plaidml) by extension 'cmake'
[0.325s] Level 1:colcon.colcon_core.package_identification:_identify(env/opencv/install/include/opencv4/opencv2/gapi/plaidml) by extension 'python'
[0.325s] Level 1:colcon.colcon_core.package_identification:_identify(env/opencv/install/include/opencv4/opencv2/gapi/plaidml) by extensions ['python_setup_py']
[0.325s] Level 1:colcon.colcon_core.package_identification:_identify(env/opencv/install/include/opencv4/opencv2/gapi/plaidml) by extension 'python_setup_py'
[0.325s] Level 1:colcon.colcon_core.package_identification:_identify(env/opencv/install/include/opencv4/opencv2/gapi/python) by extensions ['ignore', 'ignore_ament_install']
[0.325s] Level 1:colcon.colcon_core.package_identification:_identify(env/opencv/install/include/opencv4/opencv2/gapi/python) by extension 'ignore'
[0.325s] Level 1:colcon.colcon_core.package_identification:_identify(env/opencv/install/include/opencv4/opencv2/gapi/python) by extension 'ignore_ament_install'
[0.325s] Level 1:colcon.colcon_core.package_identification:_identify(env/opencv/install/include/opencv4/opencv2/gapi/python) by extensions ['colcon_pkg']
[0.325s] Level 1:colcon.colcon_core.package_identification:_identify(env/opencv/install/include/opencv4/opencv2/gapi/python) by extension 'colcon_pkg'
[0.325s] Level 1:colcon.colcon_core.package_identification:_identify(env/opencv/install/include/opencv4/opencv2/gapi/python) by extensions ['colcon_meta']
[0.325s] Level 1:colcon.colcon_core.package_identification:_identify(env/opencv/install/include/opencv4/opencv2/gapi/python) by extension 'colcon_meta'
[0.325s] Level 1:colcon.colcon_core.package_identification:_identify(env/opencv/install/include/opencv4/opencv2/gapi/python) by extensions ['ros']
[0.325s] Level 1:colcon.colcon_core.package_identification:_identify(env/opencv/install/include/opencv4/opencv2/gapi/python) by extension 'ros'
[0.325s] Level 1:colcon.colcon_core.package_identification:_identify(env/opencv/install/include/opencv4/opencv2/gapi/python) by extensions ['cmake', 'python']
[0.325s] Level 1:colcon.colcon_core.package_identification:_identify(env/opencv/install/include/opencv4/opencv2/gapi/python) by extension 'cmake'
[0.325s] Level 1:colcon.colcon_core.package_identification:_identify(env/opencv/install/include/opencv4/opencv2/gapi/python) by extension 'python'
[0.325s] Level 1:colcon.colcon_core.package_identification:_identify(env/opencv/install/include/opencv4/opencv2/gapi/python) by extensions ['python_setup_py']
[0.325s] Level 1:colcon.colcon_core.package_identification:_identify(env/opencv/install/include/opencv4/opencv2/gapi/python) by extension 'python_setup_py'
[0.325s] Level 1:colcon.colcon_core.package_identification:_identify(env/opencv/install/include/opencv4/opencv2/gapi/render) by extensions ['ignore', 'ignore_ament_install']
[0.325s] Level 1:colcon.colcon_core.package_identification:_identify(env/opencv/install/include/opencv4/opencv2/gapi/render) by extension 'ignore'
[0.325s] Level 1:colcon.colcon_core.package_identification:_identify(env/opencv/install/include/opencv4/opencv2/gapi/render) by extension 'ignore_ament_install'
[0.325s] Level 1:colcon.colcon_core.package_identification:_identify(env/opencv/install/include/opencv4/opencv2/gapi/render) by extensions ['colcon_pkg']
[0.325s] Level 1:colcon.colcon_core.package_identification:_identify(env/opencv/install/include/opencv4/opencv2/gapi/render) by extension 'colcon_pkg'
[0.325s] Level 1:colcon.colcon_core.package_identification:_identify(env/opencv/install/include/opencv4/opencv2/gapi/render) by extensions ['colcon_meta']
[0.325s] Level 1:colcon.colcon_core.package_identification:_identify(env/opencv/install/include/opencv4/opencv2/gapi/render) by extension 'colcon_meta'
[0.325s] Level 1:colcon.colcon_core.package_identification:_identify(env/opencv/install/include/opencv4/opencv2/gapi/render) by extensions ['ros']
[0.325s] Level 1:colcon.colcon_core.package_identification:_identify(env/opencv/install/include/opencv4/opencv2/gapi/render) by extension 'ros'
[0.325s] Level 1:colcon.colcon_core.package_identification:_identify(env/opencv/install/include/opencv4/opencv2/gapi/render) by extensions ['cmake', 'python']
[0.325s] Level 1:colcon.colcon_core.package_identification:_identify(env/opencv/install/include/opencv4/opencv2/gapi/render) by extension 'cmake'
[0.326s] Level 1:colcon.colcon_core.package_identification:_identify(env/opencv/install/include/opencv4/opencv2/gapi/render) by extension 'python'
[0.326s] Level 1:colcon.colcon_core.package_identification:_identify(env/opencv/install/include/opencv4/opencv2/gapi/render) by extensions ['python_setup_py']
[0.326s] Level 1:colcon.colcon_core.package_identification:_identify(env/opencv/install/include/opencv4/opencv2/gapi/render) by extension 'python_setup_py'
[0.326s] Level 1:colcon.colcon_core.package_identification:_identify(env/opencv/install/include/opencv4/opencv2/gapi/s11n) by extensions ['ignore', 'ignore_ament_install']
[0.326s] Level 1:colcon.colcon_core.package_identification:_identify(env/opencv/install/include/opencv4/opencv2/gapi/s11n) by extension 'ignore'
[0.326s] Level 1:colcon.colcon_core.package_identification:_identify(env/opencv/install/include/opencv4/opencv2/gapi/s11n) by extension 'ignore_ament_install'
[0.326s] Level 1:colcon.colcon_core.package_identification:_identify(env/opencv/install/include/opencv4/opencv2/gapi/s11n) by extensions ['colcon_pkg']
[0.326s] Level 1:colcon.colcon_core.package_identification:_identify(env/opencv/install/include/opencv4/opencv2/gapi/s11n) by extension 'colcon_pkg'
[0.326s] Level 1:colcon.colcon_core.package_identification:_identify(env/opencv/install/include/opencv4/opencv2/gapi/s11n) by extensions ['colcon_meta']
[0.326s] Level 1:colcon.colcon_core.package_identification:_identify(env/opencv/install/include/opencv4/opencv2/gapi/s11n) by extension 'colcon_meta'
[0.326s] Level 1:colcon.colcon_core.package_identification:_identify(env/opencv/install/include/opencv4/opencv2/gapi/s11n) by extensions ['ros']
[0.326s] Level 1:colcon.colcon_core.package_identification:_identify(env/opencv/install/include/opencv4/opencv2/gapi/s11n) by extension 'ros'
[0.326s] Level 1:colcon.colcon_core.package_identification:_identify(env/opencv/install/include/opencv4/opencv2/gapi/s11n) by extensions ['cmake', 'python']
[0.326s] Level 1:colcon.colcon_core.package_identification:_identify(env/opencv/install/include/opencv4/opencv2/gapi/s11n) by extension 'cmake'
[0.326s] Level 1:colcon.colcon_core.package_identification:_identify(env/opencv/install/include/opencv4/opencv2/gapi/s11n) by extension 'python'
[0.326s] Level 1:colcon.colcon_core.package_identification:_identify(env/opencv/install/include/opencv4/opencv2/gapi/s11n) by extensions ['python_setup_py']
[0.326s] Level 1:colcon.colcon_core.package_identification:_identify(env/opencv/install/include/opencv4/opencv2/gapi/s11n) by extension 'python_setup_py'
[0.326s] Level 1:colcon.colcon_core.package_identification:_identify(env/opencv/install/include/opencv4/opencv2/gapi/streaming) by extensions ['ignore', 'ignore_ament_install']
[0.326s] Level 1:colcon.colcon_core.package_identification:_identify(env/opencv/install/include/opencv4/opencv2/gapi/streaming) by extension 'ignore'
[0.326s] Level 1:colcon.colcon_core.package_identification:_identify(env/opencv/install/include/opencv4/opencv2/gapi/streaming) by extension 'ignore_ament_install'
[0.326s] Level 1:colcon.colcon_core.package_identification:_identify(env/opencv/install/include/opencv4/opencv2/gapi/streaming) by extensions ['colcon_pkg']
[0.326s] Level 1:colcon.colcon_core.package_identification:_identify(env/opencv/install/include/opencv4/opencv2/gapi/streaming) by extension 'colcon_pkg'
[0.326s] Level 1:colcon.colcon_core.package_identification:_identify(env/opencv/install/include/opencv4/opencv2/gapi/streaming) by extensions ['colcon_meta']
[0.326s] Level 1:colcon.colcon_core.package_identification:_identify(env/opencv/install/include/opencv4/opencv2/gapi/streaming) by extension 'colcon_meta'
[0.326s] Level 1:colcon.colcon_core.package_identification:_identify(env/opencv/install/include/opencv4/opencv2/gapi/streaming) by extensions ['ros']
[0.326s] Level 1:colcon.colcon_core.package_identification:_identify(env/opencv/install/include/opencv4/opencv2/gapi/streaming) by extension 'ros'
[0.326s] Level 1:colcon.colcon_core.package_identification:_identify(env/opencv/install/include/opencv4/opencv2/gapi/streaming) by extensions ['cmake', 'python']
[0.326s] Level 1:colcon.colcon_core.package_identification:_identify(env/opencv/install/include/opencv4/opencv2/gapi/streaming) by extension 'cmake'
[0.326s] Level 1:colcon.colcon_core.package_identification:_identify(env/opencv/install/include/opencv4/opencv2/gapi/streaming) by extension 'python'
[0.326s] Level 1:colcon.colcon_core.package_identification:_identify(env/opencv/install/include/opencv4/opencv2/gapi/streaming) by extensions ['python_setup_py']
[0.326s] Level 1:colcon.colcon_core.package_identification:_identify(env/opencv/install/include/opencv4/opencv2/gapi/streaming) by extension 'python_setup_py'
[0.327s] Level 1:colcon.colcon_core.package_identification:_identify(env/opencv/install/include/opencv4/opencv2/gapi/streaming/gstreamer) by extensions ['ignore', 'ignore_ament_install']
[0.327s] Level 1:colcon.colcon_core.package_identification:_identify(env/opencv/install/include/opencv4/opencv2/gapi/streaming/gstreamer) by extension 'ignore'
[0.327s] Level 1:colcon.colcon_core.package_identification:_identify(env/opencv/install/include/opencv4/opencv2/gapi/streaming/gstreamer) by extension 'ignore_ament_install'
[0.327s] Level 1:colcon.colcon_core.package_identification:_identify(env/opencv/install/include/opencv4/opencv2/gapi/streaming/gstreamer) by extensions ['colcon_pkg']
[0.327s] Level 1:colcon.colcon_core.package_identification:_identify(env/opencv/install/include/opencv4/opencv2/gapi/streaming/gstreamer) by extension 'colcon_pkg'
[0.327s] Level 1:colcon.colcon_core.package_identification:_identify(env/opencv/install/include/opencv4/opencv2/gapi/streaming/gstreamer) by extensions ['colcon_meta']
[0.327s] Level 1:colcon.colcon_core.package_identification:_identify(env/opencv/install/include/opencv4/opencv2/gapi/streaming/gstreamer) by extension 'colcon_meta'
[0.327s] Level 1:colcon.colcon_core.package_identification:_identify(env/opencv/install/include/opencv4/opencv2/gapi/streaming/gstreamer) by extensions ['ros']
[0.327s] Level 1:colcon.colcon_core.package_identification:_identify(env/opencv/install/include/opencv4/opencv2/gapi/streaming/gstreamer) by extension 'ros'
[0.327s] Level 1:colcon.colcon_core.package_identification:_identify(env/opencv/install/include/opencv4/opencv2/gapi/streaming/gstreamer) by extensions ['cmake', 'python']
[0.327s] Level 1:colcon.colcon_core.package_identification:_identify(env/opencv/install/include/opencv4/opencv2/gapi/streaming/gstreamer) by extension 'cmake'
[0.327s] Level 1:colcon.colcon_core.package_identification:_identify(env/opencv/install/include/opencv4/opencv2/gapi/streaming/gstreamer) by extension 'python'
[0.327s] Level 1:colcon.colcon_core.package_identification:_identify(env/opencv/install/include/opencv4/opencv2/gapi/streaming/gstreamer) by extensions ['python_setup_py']
[0.327s] Level 1:colcon.colcon_core.package_identification:_identify(env/opencv/install/include/opencv4/opencv2/gapi/streaming/gstreamer) by extension 'python_setup_py'
[0.327s] Level 1:colcon.colcon_core.package_identification:_identify(env/opencv/install/include/opencv4/opencv2/gapi/streaming/onevpl) by extensions ['ignore', 'ignore_ament_install']
[0.327s] Level 1:colcon.colcon_core.package_identification:_identify(env/opencv/install/include/opencv4/opencv2/gapi/streaming/onevpl) by extension 'ignore'
[0.327s] Level 1:colcon.colcon_core.package_identification:_identify(env/opencv/install/include/opencv4/opencv2/gapi/streaming/onevpl) by extension 'ignore_ament_install'
[0.327s] Level 1:colcon.colcon_core.package_identification:_identify(env/opencv/install/include/opencv4/opencv2/gapi/streaming/onevpl) by extensions ['colcon_pkg']
[0.327s] Level 1:colcon.colcon_core.package_identification:_identify(env/opencv/install/include/opencv4/opencv2/gapi/streaming/onevpl) by extension 'colcon_pkg'
[0.327s] Level 1:colcon.colcon_core.package_identification:_identify(env/opencv/install/include/opencv4/opencv2/gapi/streaming/onevpl) by extensions ['colcon_meta']
[0.327s] Level 1:colcon.colcon_core.package_identification:_identify(env/opencv/install/include/opencv4/opencv2/gapi/streaming/onevpl) by extension 'colcon_meta'
[0.328s] Level 1:colcon.colcon_core.package_identification:_identify(env/opencv/install/include/opencv4/opencv2/gapi/streaming/onevpl) by extensions ['ros']
[0.328s] Level 1:colcon.colcon_core.package_identification:_identify(env/opencv/install/include/opencv4/opencv2/gapi/streaming/onevpl) by extension 'ros'
[0.328s] Level 1:colcon.colcon_core.package_identification:_identify(env/opencv/install/include/opencv4/opencv2/gapi/streaming/onevpl) by extensions ['cmake', 'python']
[0.328s] Level 1:colcon.colcon_core.package_identification:_identify(env/opencv/install/include/opencv4/opencv2/gapi/streaming/onevpl) by extension 'cmake'
[0.328s] Level 1:colcon.colcon_core.package_identification:_identify(env/opencv/install/include/opencv4/opencv2/gapi/streaming/onevpl) by extension 'python'
[0.328s] Level 1:colcon.colcon_core.package_identification:_identify(env/opencv/install/include/opencv4/opencv2/gapi/streaming/onevpl) by extensions ['python_setup_py']
[0.328s] Level 1:colcon.colcon_core.package_identification:_identify(env/opencv/install/include/opencv4/opencv2/gapi/streaming/onevpl) by extension 'python_setup_py'
[0.328s] Level 1:colcon.colcon_core.package_identification:_identify(env/opencv/install/include/opencv4/opencv2/gapi/util) by extensions ['ignore', 'ignore_ament_install']
[0.328s] Level 1:colcon.colcon_core.package_identification:_identify(env/opencv/install/include/opencv4/opencv2/gapi/util) by extension 'ignore'
[0.328s] Level 1:colcon.colcon_core.package_identification:_identify(env/opencv/install/include/opencv4/opencv2/gapi/util) by extension 'ignore_ament_install'
[0.328s] Level 1:colcon.colcon_core.package_identification:_identify(env/opencv/install/include/opencv4/opencv2/gapi/util) by extensions ['colcon_pkg']
[0.328s] Level 1:colcon.colcon_core.package_identification:_identify(env/opencv/install/include/opencv4/opencv2/gapi/util) by extension 'colcon_pkg'
[0.328s] Level 1:colcon.colcon_core.package_identification:_identify(env/opencv/install/include/opencv4/opencv2/gapi/util) by extensions ['colcon_meta']
[0.328s] Level 1:colcon.colcon_core.package_identification:_identify(env/opencv/install/include/opencv4/opencv2/gapi/util) by extension 'colcon_meta'
[0.328s] Level 1:colcon.colcon_core.package_identification:_identify(env/opencv/install/include/opencv4/opencv2/gapi/util) by extensions ['ros']
[0.328s] Level 1:colcon.colcon_core.package_identification:_identify(env/opencv/install/include/opencv4/opencv2/gapi/util) by extension 'ros'
[0.328s] Level 1:colcon.colcon_core.package_identification:_identify(env/opencv/install/include/opencv4/opencv2/gapi/util) by extensions ['cmake', 'python']
[0.328s] Level 1:colcon.colcon_core.package_identification:_identify(env/opencv/install/include/opencv4/opencv2/gapi/util) by extension 'cmake'
[0.328s] Level 1:colcon.colcon_core.package_identification:_identify(env/opencv/install/include/opencv4/opencv2/gapi/util) by extension 'python'
[0.328s] Level 1:colcon.colcon_core.package_identification:_identify(env/opencv/install/include/opencv4/opencv2/gapi/util) by extensions ['python_setup_py']
[0.328s] Level 1:colcon.colcon_core.package_identification:_identify(env/opencv/install/include/opencv4/opencv2/gapi/util) by extension 'python_setup_py'
[0.328s] Level 1:colcon.colcon_core.package_identification:_identify(env/opencv/install/include/opencv4/opencv2/hdf) by extensions ['ignore', 'ignore_ament_install']
[0.328s] Level 1:colcon.colcon_core.package_identification:_identify(env/opencv/install/include/opencv4/opencv2/hdf) by extension 'ignore'
[0.328s] Level 1:colcon.colcon_core.package_identification:_identify(env/opencv/install/include/opencv4/opencv2/hdf) by extension 'ignore_ament_install'
[0.328s] Level 1:colcon.colcon_core.package_identification:_identify(env/opencv/install/include/opencv4/opencv2/hdf) by extensions ['colcon_pkg']
[0.328s] Level 1:colcon.colcon_core.package_identification:_identify(env/opencv/install/include/opencv4/opencv2/hdf) by extension 'colcon_pkg'
[0.328s] Level 1:colcon.colcon_core.package_identification:_identify(env/opencv/install/include/opencv4/opencv2/hdf) by extensions ['colcon_meta']
[0.328s] Level 1:colcon.colcon_core.package_identification:_identify(env/opencv/install/include/opencv4/opencv2/hdf) by extension 'colcon_meta'
[0.328s] Level 1:colcon.colcon_core.package_identification:_identify(env/opencv/install/include/opencv4/opencv2/hdf) by extensions ['ros']
[0.328s] Level 1:colcon.colcon_core.package_identification:_identify(env/opencv/install/include/opencv4/opencv2/hdf) by extension 'ros'
[0.328s] Level 1:colcon.colcon_core.package_identification:_identify(env/opencv/install/include/opencv4/opencv2/hdf) by extensions ['cmake', 'python']
[0.328s] Level 1:colcon.colcon_core.package_identification:_identify(env/opencv/install/include/opencv4/opencv2/hdf) by extension 'cmake'
[0.328s] Level 1:colcon.colcon_core.package_identification:_identify(env/opencv/install/include/opencv4/opencv2/hdf) by extension 'python'
[0.328s] Level 1:colcon.colcon_core.package_identification:_identify(env/opencv/install/include/opencv4/opencv2/hdf) by extensions ['python_setup_py']
[0.328s] Level 1:colcon.colcon_core.package_identification:_identify(env/opencv/install/include/opencv4/opencv2/hdf) by extension 'python_setup_py'
[0.328s] Level 1:colcon.colcon_core.package_identification:_identify(env/opencv/install/include/opencv4/opencv2/highgui) by extensions ['ignore', 'ignore_ament_install']
[0.328s] Level 1:colcon.colcon_core.package_identification:_identify(env/opencv/install/include/opencv4/opencv2/highgui) by extension 'ignore'
[0.328s] Level 1:colcon.colcon_core.package_identification:_identify(env/opencv/install/include/opencv4/opencv2/highgui) by extension 'ignore_ament_install'
[0.328s] Level 1:colcon.colcon_core.package_identification:_identify(env/opencv/install/include/opencv4/opencv2/highgui) by extensions ['colcon_pkg']
[0.328s] Level 1:colcon.colcon_core.package_identification:_identify(env/opencv/install/include/opencv4/opencv2/highgui) by extension 'colcon_pkg'
[0.328s] Level 1:colcon.colcon_core.package_identification:_identify(env/opencv/install/include/opencv4/opencv2/highgui) by extensions ['colcon_meta']
[0.328s] Level 1:colcon.colcon_core.package_identification:_identify(env/opencv/install/include/opencv4/opencv2/highgui) by extension 'colcon_meta'
[0.329s] Level 1:colcon.colcon_core.package_identification:_identify(env/opencv/install/include/opencv4/opencv2/highgui) by extensions ['ros']
[0.329s] Level 1:colcon.colcon_core.package_identification:_identify(env/opencv/install/include/opencv4/opencv2/highgui) by extension 'ros'
[0.329s] Level 1:colcon.colcon_core.package_identification:_identify(env/opencv/install/include/opencv4/opencv2/highgui) by extensions ['cmake', 'python']
[0.329s] Level 1:colcon.colcon_core.package_identification:_identify(env/opencv/install/include/opencv4/opencv2/highgui) by extension 'cmake'
[0.329s] Level 1:colcon.colcon_core.package_identification:_identify(env/opencv/install/include/opencv4/opencv2/highgui) by extension 'python'
[0.329s] Level 1:colcon.colcon_core.package_identification:_identify(env/opencv/install/include/opencv4/opencv2/highgui) by extensions ['python_setup_py']
[0.329s] Level 1:colcon.colcon_core.package_identification:_identify(env/opencv/install/include/opencv4/opencv2/highgui) by extension 'python_setup_py'
[0.329s] Level 1:colcon.colcon_core.package_identification:_identify(env/opencv/install/include/opencv4/opencv2/img_hash) by extensions ['ignore', 'ignore_ament_install']
[0.329s] Level 1:colcon.colcon_core.package_identification:_identify(env/opencv/install/include/opencv4/opencv2/img_hash) by extension 'ignore'
[0.329s] Level 1:colcon.colcon_core.package_identification:_identify(env/opencv/install/include/opencv4/opencv2/img_hash) by extension 'ignore_ament_install'
[0.329s] Level 1:colcon.colcon_core.package_identification:_identify(env/opencv/install/include/opencv4/opencv2/img_hash) by extensions ['colcon_pkg']
[0.329s] Level 1:colcon.colcon_core.package_identification:_identify(env/opencv/install/include/opencv4/opencv2/img_hash) by extension 'colcon_pkg'
[0.329s] Level 1:colcon.colcon_core.package_identification:_identify(env/opencv/install/include/opencv4/opencv2/img_hash) by extensions ['colcon_meta']
[0.329s] Level 1:colcon.colcon_core.package_identification:_identify(env/opencv/install/include/opencv4/opencv2/img_hash) by extension 'colcon_meta'
[0.329s] Level 1:colcon.colcon_core.package_identification:_identify(env/opencv/install/include/opencv4/opencv2/img_hash) by extensions ['ros']
[0.329s] Level 1:colcon.colcon_core.package_identification:_identify(env/opencv/install/include/opencv4/opencv2/img_hash) by extension 'ros'
[0.329s] Level 1:colcon.colcon_core.package_identification:_identify(env/opencv/install/include/opencv4/opencv2/img_hash) by extensions ['cmake', 'python']
[0.329s] Level 1:colcon.colcon_core.package_identification:_identify(env/opencv/install/include/opencv4/opencv2/img_hash) by extension 'cmake'
[0.329s] Level 1:colcon.colcon_core.package_identification:_identify(env/opencv/install/include/opencv4/opencv2/img_hash) by extension 'python'
[0.329s] Level 1:colcon.colcon_core.package_identification:_identify(env/opencv/install/include/opencv4/opencv2/img_hash) by extensions ['python_setup_py']
[0.329s] Level 1:colcon.colcon_core.package_identification:_identify(env/opencv/install/include/opencv4/opencv2/img_hash) by extension 'python_setup_py'
[0.329s] Level 1:colcon.colcon_core.package_identification:_identify(env/opencv/install/include/opencv4/opencv2/imgcodecs) by extensions ['ignore', 'ignore_ament_install']
[0.329s] Level 1:colcon.colcon_core.package_identification:_identify(env/opencv/install/include/opencv4/opencv2/imgcodecs) by extension 'ignore'
[0.329s] Level 1:colcon.colcon_core.package_identification:_identify(env/opencv/install/include/opencv4/opencv2/imgcodecs) by extension 'ignore_ament_install'
[0.329s] Level 1:colcon.colcon_core.package_identification:_identify(env/opencv/install/include/opencv4/opencv2/imgcodecs) by extensions ['colcon_pkg']
[0.329s] Level 1:colcon.colcon_core.package_identification:_identify(env/opencv/install/include/opencv4/opencv2/imgcodecs) by extension 'colcon_pkg'
[0.329s] Level 1:colcon.colcon_core.package_identification:_identify(env/opencv/install/include/opencv4/opencv2/imgcodecs) by extensions ['colcon_meta']
[0.329s] Level 1:colcon.colcon_core.package_identification:_identify(env/opencv/install/include/opencv4/opencv2/imgcodecs) by extension 'colcon_meta'
[0.329s] Level 1:colcon.colcon_core.package_identification:_identify(env/opencv/install/include/opencv4/opencv2/imgcodecs) by extensions ['ros']
[0.329s] Level 1:colcon.colcon_core.package_identification:_identify(env/opencv/install/include/opencv4/opencv2/imgcodecs) by extension 'ros'
[0.329s] Level 1:colcon.colcon_core.package_identification:_identify(env/opencv/install/include/opencv4/opencv2/imgcodecs) by extensions ['cmake', 'python']
[0.329s] Level 1:colcon.colcon_core.package_identification:_identify(env/opencv/install/include/opencv4/opencv2/imgcodecs) by extension 'cmake'
[0.329s] Level 1:colcon.colcon_core.package_identification:_identify(env/opencv/install/include/opencv4/opencv2/imgcodecs) by extension 'python'
[0.329s] Level 1:colcon.colcon_core.package_identification:_identify(env/opencv/install/include/opencv4/opencv2/imgcodecs) by extensions ['python_setup_py']
[0.329s] Level 1:colcon.colcon_core.package_identification:_identify(env/opencv/install/include/opencv4/opencv2/imgcodecs) by extension 'python_setup_py'
[0.329s] Level 1:colcon.colcon_core.package_identification:_identify(env/opencv/install/include/opencv4/opencv2/imgcodecs/legacy) by extensions ['ignore', 'ignore_ament_install']
[0.329s] Level 1:colcon.colcon_core.package_identification:_identify(env/opencv/install/include/opencv4/opencv2/imgcodecs/legacy) by extension 'ignore'
[0.329s] Level 1:colcon.colcon_core.package_identification:_identify(env/opencv/install/include/opencv4/opencv2/imgcodecs/legacy) by extension 'ignore_ament_install'
[0.329s] Level 1:colcon.colcon_core.package_identification:_identify(env/opencv/install/include/opencv4/opencv2/imgcodecs/legacy) by extensions ['colcon_pkg']
[0.329s] Level 1:colcon.colcon_core.package_identification:_identify(env/opencv/install/include/opencv4/opencv2/imgcodecs/legacy) by extension 'colcon_pkg'
[0.329s] Level 1:colcon.colcon_core.package_identification:_identify(env/opencv/install/include/opencv4/opencv2/imgcodecs/legacy) by extensions ['colcon_meta']
[0.329s] Level 1:colcon.colcon_core.package_identification:_identify(env/opencv/install/include/opencv4/opencv2/imgcodecs/legacy) by extension 'colcon_meta'
[0.329s] Level 1:colcon.colcon_core.package_identification:_identify(env/opencv/install/include/opencv4/opencv2/imgcodecs/legacy) by extensions ['ros']
[0.330s] Level 1:colcon.colcon_core.package_identification:_identify(env/opencv/install/include/opencv4/opencv2/imgcodecs/legacy) by extension 'ros'
[0.330s] Level 1:colcon.colcon_core.package_identification:_identify(env/opencv/install/include/opencv4/opencv2/imgcodecs/legacy) by extensions ['cmake', 'python']
[0.330s] Level 1:colcon.colcon_core.package_identification:_identify(env/opencv/install/include/opencv4/opencv2/imgcodecs/legacy) by extension 'cmake'
[0.330s] Level 1:colcon.colcon_core.package_identification:_identify(env/opencv/install/include/opencv4/opencv2/imgcodecs/legacy) by extension 'python'
[0.330s] Level 1:colcon.colcon_core.package_identification:_identify(env/opencv/install/include/opencv4/opencv2/imgcodecs/legacy) by extensions ['python_setup_py']
[0.330s] Level 1:colcon.colcon_core.package_identification:_identify(env/opencv/install/include/opencv4/opencv2/imgcodecs/legacy) by extension 'python_setup_py'
[0.330s] Level 1:colcon.colcon_core.package_identification:_identify(env/opencv/install/include/opencv4/opencv2/imgproc) by extensions ['ignore', 'ignore_ament_install']
[0.330s] Level 1:colcon.colcon_core.package_identification:_identify(env/opencv/install/include/opencv4/opencv2/imgproc) by extension 'ignore'
[0.330s] Level 1:colcon.colcon_core.package_identification:_identify(env/opencv/install/include/opencv4/opencv2/imgproc) by extension 'ignore_ament_install'
[0.330s] Level 1:colcon.colcon_core.package_identification:_identify(env/opencv/install/include/opencv4/opencv2/imgproc) by extensions ['colcon_pkg']
[0.330s] Level 1:colcon.colcon_core.package_identification:_identify(env/opencv/install/include/opencv4/opencv2/imgproc) by extension 'colcon_pkg'
[0.330s] Level 1:colcon.colcon_core.package_identification:_identify(env/opencv/install/include/opencv4/opencv2/imgproc) by extensions ['colcon_meta']
[0.330s] Level 1:colcon.colcon_core.package_identification:_identify(env/opencv/install/include/opencv4/opencv2/imgproc) by extension 'colcon_meta'
[0.330s] Level 1:colcon.colcon_core.package_identification:_identify(env/opencv/install/include/opencv4/opencv2/imgproc) by extensions ['ros']
[0.330s] Level 1:colcon.colcon_core.package_identification:_identify(env/opencv/install/include/opencv4/opencv2/imgproc) by extension 'ros'
[0.330s] Level 1:colcon.colcon_core.package_identification:_identify(env/opencv/install/include/opencv4/opencv2/imgproc) by extensions ['cmake', 'python']
[0.330s] Level 1:colcon.colcon_core.package_identification:_identify(env/opencv/install/include/opencv4/opencv2/imgproc) by extension 'cmake'
[0.330s] Level 1:colcon.colcon_core.package_identification:_identify(env/opencv/install/include/opencv4/opencv2/imgproc) by extension 'python'
[0.330s] Level 1:colcon.colcon_core.package_identification:_identify(env/opencv/install/include/opencv4/opencv2/imgproc) by extensions ['python_setup_py']
[0.330s] Level 1:colcon.colcon_core.package_identification:_identify(env/opencv/install/include/opencv4/opencv2/imgproc) by extension 'python_setup_py'
[0.330s] Level 1:colcon.colcon_core.package_identification:_identify(env/opencv/install/include/opencv4/opencv2/imgproc/detail) by extensions ['ignore', 'ignore_ament_install']
[0.330s] Level 1:colcon.colcon_core.package_identification:_identify(env/opencv/install/include/opencv4/opencv2/imgproc/detail) by extension 'ignore'
[0.330s] Level 1:colcon.colcon_core.package_identification:_identify(env/opencv/install/include/opencv4/opencv2/imgproc/detail) by extension 'ignore_ament_install'
[0.330s] Level 1:colcon.colcon_core.package_identification:_identify(env/opencv/install/include/opencv4/opencv2/imgproc/detail) by extensions ['colcon_pkg']
[0.330s] Level 1:colcon.colcon_core.package_identification:_identify(env/opencv/install/include/opencv4/opencv2/imgproc/detail) by extension 'colcon_pkg'
[0.330s] Level 1:colcon.colcon_core.package_identification:_identify(env/opencv/install/include/opencv4/opencv2/imgproc/detail) by extensions ['colcon_meta']
[0.330s] Level 1:colcon.colcon_core.package_identification:_identify(env/opencv/install/include/opencv4/opencv2/imgproc/detail) by extension 'colcon_meta'
[0.330s] Level 1:colcon.colcon_core.package_identification:_identify(env/opencv/install/include/opencv4/opencv2/imgproc/detail) by extensions ['ros']
[0.330s] Level 1:colcon.colcon_core.package_identification:_identify(env/opencv/install/include/opencv4/opencv2/imgproc/detail) by extension 'ros'
[0.330s] Level 1:colcon.colcon_core.package_identification:_identify(env/opencv/install/include/opencv4/opencv2/imgproc/detail) by extensions ['cmake', 'python']
[0.330s] Level 1:colcon.colcon_core.package_identification:_identify(env/opencv/install/include/opencv4/opencv2/imgproc/detail) by extension 'cmake'
[0.330s] Level 1:colcon.colcon_core.package_identification:_identify(env/opencv/install/include/opencv4/opencv2/imgproc/detail) by extension 'python'
[0.330s] Level 1:colcon.colcon_core.package_identification:_identify(env/opencv/install/include/opencv4/opencv2/imgproc/detail) by extensions ['python_setup_py']
[0.330s] Level 1:colcon.colcon_core.package_identification:_identify(env/opencv/install/include/opencv4/opencv2/imgproc/detail) by extension 'python_setup_py'
[0.330s] Level 1:colcon.colcon_core.package_identification:_identify(env/opencv/install/include/opencv4/opencv2/imgproc/hal) by extensions ['ignore', 'ignore_ament_install']
[0.330s] Level 1:colcon.colcon_core.package_identification:_identify(env/opencv/install/include/opencv4/opencv2/imgproc/hal) by extension 'ignore'
[0.330s] Level 1:colcon.colcon_core.package_identification:_identify(env/opencv/install/include/opencv4/opencv2/imgproc/hal) by extension 'ignore_ament_install'
[0.330s] Level 1:colcon.colcon_core.package_identification:_identify(env/opencv/install/include/opencv4/opencv2/imgproc/hal) by extensions ['colcon_pkg']
[0.330s] Level 1:colcon.colcon_core.package_identification:_identify(env/opencv/install/include/opencv4/opencv2/imgproc/hal) by extension 'colcon_pkg'
[0.330s] Level 1:colcon.colcon_core.package_identification:_identify(env/opencv/install/include/opencv4/opencv2/imgproc/hal) by extensions ['colcon_meta']
[0.330s] Level 1:colcon.colcon_core.package_identification:_identify(env/opencv/install/include/opencv4/opencv2/imgproc/hal) by extension 'colcon_meta'
[0.330s] Level 1:colcon.colcon_core.package_identification:_identify(env/opencv/install/include/opencv4/opencv2/imgproc/hal) by extensions ['ros']
[0.330s] Level 1:colcon.colcon_core.package_identification:_identify(env/opencv/install/include/opencv4/opencv2/imgproc/hal) by extension 'ros'
[0.331s] Level 1:colcon.colcon_core.package_identification:_identify(env/opencv/install/include/opencv4/opencv2/imgproc/hal) by extensions ['cmake', 'python']
[0.331s] Level 1:colcon.colcon_core.package_identification:_identify(env/opencv/install/include/opencv4/opencv2/imgproc/hal) by extension 'cmake'
[0.331s] Level 1:colcon.colcon_core.package_identification:_identify(env/opencv/install/include/opencv4/opencv2/imgproc/hal) by extension 'python'
[0.331s] Level 1:colcon.colcon_core.package_identification:_identify(env/opencv/install/include/opencv4/opencv2/imgproc/hal) by extensions ['python_setup_py']
[0.331s] Level 1:colcon.colcon_core.package_identification:_identify(env/opencv/install/include/opencv4/opencv2/imgproc/hal) by extension 'python_setup_py'
[0.331s] Level 1:colcon.colcon_core.package_identification:_identify(env/opencv/install/include/opencv4/opencv2/line_descriptor) by extensions ['ignore', 'ignore_ament_install']
[0.331s] Level 1:colcon.colcon_core.package_identification:_identify(env/opencv/install/include/opencv4/opencv2/line_descriptor) by extension 'ignore'
[0.331s] Level 1:colcon.colcon_core.package_identification:_identify(env/opencv/install/include/opencv4/opencv2/line_descriptor) by extension 'ignore_ament_install'
[0.331s] Level 1:colcon.colcon_core.package_identification:_identify(env/opencv/install/include/opencv4/opencv2/line_descriptor) by extensions ['colcon_pkg']
[0.331s] Level 1:colcon.colcon_core.package_identification:_identify(env/opencv/install/include/opencv4/opencv2/line_descriptor) by extension 'colcon_pkg'
[0.331s] Level 1:colcon.colcon_core.package_identification:_identify(env/opencv/install/include/opencv4/opencv2/line_descriptor) by extensions ['colcon_meta']
[0.331s] Level 1:colcon.colcon_core.package_identification:_identify(env/opencv/install/include/opencv4/opencv2/line_descriptor) by extension 'colcon_meta'
[0.331s] Level 1:colcon.colcon_core.package_identification:_identify(env/opencv/install/include/opencv4/opencv2/line_descriptor) by extensions ['ros']
[0.331s] Level 1:colcon.colcon_core.package_identification:_identify(env/opencv/install/include/opencv4/opencv2/line_descriptor) by extension 'ros'
[0.331s] Level 1:colcon.colcon_core.package_identification:_identify(env/opencv/install/include/opencv4/opencv2/line_descriptor) by extensions ['cmake', 'python']
[0.331s] Level 1:colcon.colcon_core.package_identification:_identify(env/opencv/install/include/opencv4/opencv2/line_descriptor) by extension 'cmake'
[0.331s] Level 1:colcon.colcon_core.package_identification:_identify(env/opencv/install/include/opencv4/opencv2/line_descriptor) by extension 'python'
[0.331s] Level 1:colcon.colcon_core.package_identification:_identify(env/opencv/install/include/opencv4/opencv2/line_descriptor) by extensions ['python_setup_py']
[0.331s] Level 1:colcon.colcon_core.package_identification:_identify(env/opencv/install/include/opencv4/opencv2/line_descriptor) by extension 'python_setup_py'
[0.331s] Level 1:colcon.colcon_core.package_identification:_identify(env/opencv/install/include/opencv4/opencv2/mcc) by extensions ['ignore', 'ignore_ament_install']
[0.331s] Level 1:colcon.colcon_core.package_identification:_identify(env/opencv/install/include/opencv4/opencv2/mcc) by extension 'ignore'
[0.331s] Level 1:colcon.colcon_core.package_identification:_identify(env/opencv/install/include/opencv4/opencv2/mcc) by extension 'ignore_ament_install'
[0.331s] Level 1:colcon.colcon_core.package_identification:_identify(env/opencv/install/include/opencv4/opencv2/mcc) by extensions ['colcon_pkg']
[0.331s] Level 1:colcon.colcon_core.package_identification:_identify(env/opencv/install/include/opencv4/opencv2/mcc) by extension 'colcon_pkg'
[0.331s] Level 1:colcon.colcon_core.package_identification:_identify(env/opencv/install/include/opencv4/opencv2/mcc) by extensions ['colcon_meta']
[0.331s] Level 1:colcon.colcon_core.package_identification:_identify(env/opencv/install/include/opencv4/opencv2/mcc) by extension 'colcon_meta'
[0.331s] Level 1:colcon.colcon_core.package_identification:_identify(env/opencv/install/include/opencv4/opencv2/mcc) by extensions ['ros']
[0.331s] Level 1:colcon.colcon_core.package_identification:_identify(env/opencv/install/include/opencv4/opencv2/mcc) by extension 'ros'
[0.331s] Level 1:colcon.colcon_core.package_identification:_identify(env/opencv/install/include/opencv4/opencv2/mcc) by extensions ['cmake', 'python']
[0.331s] Level 1:colcon.colcon_core.package_identification:_identify(env/opencv/install/include/opencv4/opencv2/mcc) by extension 'cmake'
[0.331s] Level 1:colcon.colcon_core.package_identification:_identify(env/opencv/install/include/opencv4/opencv2/mcc) by extension 'python'
[0.331s] Level 1:colcon.colcon_core.package_identification:_identify(env/opencv/install/include/opencv4/opencv2/mcc) by extensions ['python_setup_py']
[0.331s] Level 1:colcon.colcon_core.package_identification:_identify(env/opencv/install/include/opencv4/opencv2/mcc) by extension 'python_setup_py'
[0.331s] Level 1:colcon.colcon_core.package_identification:_identify(env/opencv/install/include/opencv4/opencv2/ml) by extensions ['ignore', 'ignore_ament_install']
[0.331s] Level 1:colcon.colcon_core.package_identification:_identify(env/opencv/install/include/opencv4/opencv2/ml) by extension 'ignore'
[0.331s] Level 1:colcon.colcon_core.package_identification:_identify(env/opencv/install/include/opencv4/opencv2/ml) by extension 'ignore_ament_install'
[0.331s] Level 1:colcon.colcon_core.package_identification:_identify(env/opencv/install/include/opencv4/opencv2/ml) by extensions ['colcon_pkg']
[0.331s] Level 1:colcon.colcon_core.package_identification:_identify(env/opencv/install/include/opencv4/opencv2/ml) by extension 'colcon_pkg'
[0.331s] Level 1:colcon.colcon_core.package_identification:_identify(env/opencv/install/include/opencv4/opencv2/ml) by extensions ['colcon_meta']
[0.331s] Level 1:colcon.colcon_core.package_identification:_identify(env/opencv/install/include/opencv4/opencv2/ml) by extension 'colcon_meta'
[0.331s] Level 1:colcon.colcon_core.package_identification:_identify(env/opencv/install/include/opencv4/opencv2/ml) by extensions ['ros']
[0.331s] Level 1:colcon.colcon_core.package_identification:_identify(env/opencv/install/include/opencv4/opencv2/ml) by extension 'ros'
[0.331s] Level 1:colcon.colcon_core.package_identification:_identify(env/opencv/install/include/opencv4/opencv2/ml) by extensions ['cmake', 'python']
[0.332s] Level 1:colcon.colcon_core.package_identification:_identify(env/opencv/install/include/opencv4/opencv2/ml) by extension 'cmake'
[0.332s] Level 1:colcon.colcon_core.package_identification:_identify(env/opencv/install/include/opencv4/opencv2/ml) by extension 'python'
[0.332s] Level 1:colcon.colcon_core.package_identification:_identify(env/opencv/install/include/opencv4/opencv2/ml) by extensions ['python_setup_py']
[0.332s] Level 1:colcon.colcon_core.package_identification:_identify(env/opencv/install/include/opencv4/opencv2/ml) by extension 'python_setup_py'
[0.332s] Level 1:colcon.colcon_core.package_identification:_identify(env/opencv/install/include/opencv4/opencv2/objdetect) by extensions ['ignore', 'ignore_ament_install']
[0.332s] Level 1:colcon.colcon_core.package_identification:_identify(env/opencv/install/include/opencv4/opencv2/objdetect) by extension 'ignore'
[0.332s] Level 1:colcon.colcon_core.package_identification:_identify(env/opencv/install/include/opencv4/opencv2/objdetect) by extension 'ignore_ament_install'
[0.332s] Level 1:colcon.colcon_core.package_identification:_identify(env/opencv/install/include/opencv4/opencv2/objdetect) by extensions ['colcon_pkg']
[0.332s] Level 1:colcon.colcon_core.package_identification:_identify(env/opencv/install/include/opencv4/opencv2/objdetect) by extension 'colcon_pkg'
[0.332s] Level 1:colcon.colcon_core.package_identification:_identify(env/opencv/install/include/opencv4/opencv2/objdetect) by extensions ['colcon_meta']
[0.332s] Level 1:colcon.colcon_core.package_identification:_identify(env/opencv/install/include/opencv4/opencv2/objdetect) by extension 'colcon_meta'
[0.332s] Level 1:colcon.colcon_core.package_identification:_identify(env/opencv/install/include/opencv4/opencv2/objdetect) by extensions ['ros']
[0.332s] Level 1:colcon.colcon_core.package_identification:_identify(env/opencv/install/include/opencv4/opencv2/objdetect) by extension 'ros'
[0.332s] Level 1:colcon.colcon_core.package_identification:_identify(env/opencv/install/include/opencv4/opencv2/objdetect) by extensions ['cmake', 'python']
[0.332s] Level 1:colcon.colcon_core.package_identification:_identify(env/opencv/install/include/opencv4/opencv2/objdetect) by extension 'cmake'
[0.332s] Level 1:colcon.colcon_core.package_identification:_identify(env/opencv/install/include/opencv4/opencv2/objdetect) by extension 'python'
[0.332s] Level 1:colcon.colcon_core.package_identification:_identify(env/opencv/install/include/opencv4/opencv2/objdetect) by extensions ['python_setup_py']
[0.332s] Level 1:colcon.colcon_core.package_identification:_identify(env/opencv/install/include/opencv4/opencv2/objdetect) by extension 'python_setup_py'
[0.332s] Level 1:colcon.colcon_core.package_identification:_identify(env/opencv/install/include/opencv4/opencv2/optflow) by extensions ['ignore', 'ignore_ament_install']
[0.332s] Level 1:colcon.colcon_core.package_identification:_identify(env/opencv/install/include/opencv4/opencv2/optflow) by extension 'ignore'
[0.332s] Level 1:colcon.colcon_core.package_identification:_identify(env/opencv/install/include/opencv4/opencv2/optflow) by extension 'ignore_ament_install'
[0.332s] Level 1:colcon.colcon_core.package_identification:_identify(env/opencv/install/include/opencv4/opencv2/optflow) by extensions ['colcon_pkg']
[0.332s] Level 1:colcon.colcon_core.package_identification:_identify(env/opencv/install/include/opencv4/opencv2/optflow) by extension 'colcon_pkg'
[0.332s] Level 1:colcon.colcon_core.package_identification:_identify(env/opencv/install/include/opencv4/opencv2/optflow) by extensions ['colcon_meta']
[0.332s] Level 1:colcon.colcon_core.package_identification:_identify(env/opencv/install/include/opencv4/opencv2/optflow) by extension 'colcon_meta'
[0.332s] Level 1:colcon.colcon_core.package_identification:_identify(env/opencv/install/include/opencv4/opencv2/optflow) by extensions ['ros']
[0.332s] Level 1:colcon.colcon_core.package_identification:_identify(env/opencv/install/include/opencv4/opencv2/optflow) by extension 'ros'
[0.332s] Level 1:colcon.colcon_core.package_identification:_identify(env/opencv/install/include/opencv4/opencv2/optflow) by extensions ['cmake', 'python']
[0.332s] Level 1:colcon.colcon_core.package_identification:_identify(env/opencv/install/include/opencv4/opencv2/optflow) by extension 'cmake'
[0.332s] Level 1:colcon.colcon_core.package_identification:_identify(env/opencv/install/include/opencv4/opencv2/optflow) by extension 'python'
[0.332s] Level 1:colcon.colcon_core.package_identification:_identify(env/opencv/install/include/opencv4/opencv2/optflow) by extensions ['python_setup_py']
[0.332s] Level 1:colcon.colcon_core.package_identification:_identify(env/opencv/install/include/opencv4/opencv2/optflow) by extension 'python_setup_py'
[0.332s] Level 1:colcon.colcon_core.package_identification:_identify(env/opencv/install/include/opencv4/opencv2/phase_unwrapping) by extensions ['ignore', 'ignore_ament_install']
[0.332s] Level 1:colcon.colcon_core.package_identification:_identify(env/opencv/install/include/opencv4/opencv2/phase_unwrapping) by extension 'ignore'
[0.332s] Level 1:colcon.colcon_core.package_identification:_identify(env/opencv/install/include/opencv4/opencv2/phase_unwrapping) by extension 'ignore_ament_install'
[0.332s] Level 1:colcon.colcon_core.package_identification:_identify(env/opencv/install/include/opencv4/opencv2/phase_unwrapping) by extensions ['colcon_pkg']
[0.332s] Level 1:colcon.colcon_core.package_identification:_identify(env/opencv/install/include/opencv4/opencv2/phase_unwrapping) by extension 'colcon_pkg'
[0.332s] Level 1:colcon.colcon_core.package_identification:_identify(env/opencv/install/include/opencv4/opencv2/phase_unwrapping) by extensions ['colcon_meta']
[0.332s] Level 1:colcon.colcon_core.package_identification:_identify(env/opencv/install/include/opencv4/opencv2/phase_unwrapping) by extension 'colcon_meta'
[0.332s] Level 1:colcon.colcon_core.package_identification:_identify(env/opencv/install/include/opencv4/opencv2/phase_unwrapping) by extensions ['ros']
[0.332s] Level 1:colcon.colcon_core.package_identification:_identify(env/opencv/install/include/opencv4/opencv2/phase_unwrapping) by extension 'ros'
[0.332s] Level 1:colcon.colcon_core.package_identification:_identify(env/opencv/install/include/opencv4/opencv2/phase_unwrapping) by extensions ['cmake', 'python']
[0.332s] Level 1:colcon.colcon_core.package_identification:_identify(env/opencv/install/include/opencv4/opencv2/phase_unwrapping) by extension 'cmake'
[0.332s] Level 1:colcon.colcon_core.package_identification:_identify(env/opencv/install/include/opencv4/opencv2/phase_unwrapping) by extension 'python'
[0.332s] Level 1:colcon.colcon_core.package_identification:_identify(env/opencv/install/include/opencv4/opencv2/phase_unwrapping) by extensions ['python_setup_py']
[0.333s] Level 1:colcon.colcon_core.package_identification:_identify(env/opencv/install/include/opencv4/opencv2/phase_unwrapping) by extension 'python_setup_py'
[0.333s] Level 1:colcon.colcon_core.package_identification:_identify(env/opencv/install/include/opencv4/opencv2/photo) by extensions ['ignore', 'ignore_ament_install']
[0.333s] Level 1:colcon.colcon_core.package_identification:_identify(env/opencv/install/include/opencv4/opencv2/photo) by extension 'ignore'
[0.333s] Level 1:colcon.colcon_core.package_identification:_identify(env/opencv/install/include/opencv4/opencv2/photo) by extension 'ignore_ament_install'
[0.333s] Level 1:colcon.colcon_core.package_identification:_identify(env/opencv/install/include/opencv4/opencv2/photo) by extensions ['colcon_pkg']
[0.333s] Level 1:colcon.colcon_core.package_identification:_identify(env/opencv/install/include/opencv4/opencv2/photo) by extension 'colcon_pkg'
[0.333s] Level 1:colcon.colcon_core.package_identification:_identify(env/opencv/install/include/opencv4/opencv2/photo) by extensions ['colcon_meta']
[0.333s] Level 1:colcon.colcon_core.package_identification:_identify(env/opencv/install/include/opencv4/opencv2/photo) by extension 'colcon_meta'
[0.333s] Level 1:colcon.colcon_core.package_identification:_identify(env/opencv/install/include/opencv4/opencv2/photo) by extensions ['ros']
[0.333s] Level 1:colcon.colcon_core.package_identification:_identify(env/opencv/install/include/opencv4/opencv2/photo) by extension 'ros'
[0.333s] Level 1:colcon.colcon_core.package_identification:_identify(env/opencv/install/include/opencv4/opencv2/photo) by extensions ['cmake', 'python']
[0.333s] Level 1:colcon.colcon_core.package_identification:_identify(env/opencv/install/include/opencv4/opencv2/photo) by extension 'cmake'
[0.333s] Level 1:colcon.colcon_core.package_identification:_identify(env/opencv/install/include/opencv4/opencv2/photo) by extension 'python'
[0.333s] Level 1:colcon.colcon_core.package_identification:_identify(env/opencv/install/include/opencv4/opencv2/photo) by extensions ['python_setup_py']
[0.333s] Level 1:colcon.colcon_core.package_identification:_identify(env/opencv/install/include/opencv4/opencv2/photo) by extension 'python_setup_py'
[0.333s] Level 1:colcon.colcon_core.package_identification:_identify(env/opencv/install/include/opencv4/opencv2/photo/legacy) by extensions ['ignore', 'ignore_ament_install']
[0.333s] Level 1:colcon.colcon_core.package_identification:_identify(env/opencv/install/include/opencv4/opencv2/photo/legacy) by extension 'ignore'
[0.333s] Level 1:colcon.colcon_core.package_identification:_identify(env/opencv/install/include/opencv4/opencv2/photo/legacy) by extension 'ignore_ament_install'
[0.333s] Level 1:colcon.colcon_core.package_identification:_identify(env/opencv/install/include/opencv4/opencv2/photo/legacy) by extensions ['colcon_pkg']
[0.333s] Level 1:colcon.colcon_core.package_identification:_identify(env/opencv/install/include/opencv4/opencv2/photo/legacy) by extension 'colcon_pkg'
[0.333s] Level 1:colcon.colcon_core.package_identification:_identify(env/opencv/install/include/opencv4/opencv2/photo/legacy) by extensions ['colcon_meta']
[0.333s] Level 1:colcon.colcon_core.package_identification:_identify(env/opencv/install/include/opencv4/opencv2/photo/legacy) by extension 'colcon_meta'
[0.333s] Level 1:colcon.colcon_core.package_identification:_identify(env/opencv/install/include/opencv4/opencv2/photo/legacy) by extensions ['ros']
[0.333s] Level 1:colcon.colcon_core.package_identification:_identify(env/opencv/install/include/opencv4/opencv2/photo/legacy) by extension 'ros'
[0.333s] Level 1:colcon.colcon_core.package_identification:_identify(env/opencv/install/include/opencv4/opencv2/photo/legacy) by extensions ['cmake', 'python']
[0.333s] Level 1:colcon.colcon_core.package_identification:_identify(env/opencv/install/include/opencv4/opencv2/photo/legacy) by extension 'cmake'
[0.333s] Level 1:colcon.colcon_core.package_identification:_identify(env/opencv/install/include/opencv4/opencv2/photo/legacy) by extension 'python'
[0.333s] Level 1:colcon.colcon_core.package_identification:_identify(env/opencv/install/include/opencv4/opencv2/photo/legacy) by extensions ['python_setup_py']
[0.333s] Level 1:colcon.colcon_core.package_identification:_identify(env/opencv/install/include/opencv4/opencv2/photo/legacy) by extension 'python_setup_py'
[0.333s] Level 1:colcon.colcon_core.package_identification:_identify(env/opencv/install/include/opencv4/opencv2/quality) by extensions ['ignore', 'ignore_ament_install']
[0.333s] Level 1:colcon.colcon_core.package_identification:_identify(env/opencv/install/include/opencv4/opencv2/quality) by extension 'ignore'
[0.333s] Level 1:colcon.colcon_core.package_identification:_identify(env/opencv/install/include/opencv4/opencv2/quality) by extension 'ignore_ament_install'
[0.333s] Level 1:colcon.colcon_core.package_identification:_identify(env/opencv/install/include/opencv4/opencv2/quality) by extensions ['colcon_pkg']
[0.333s] Level 1:colcon.colcon_core.package_identification:_identify(env/opencv/install/include/opencv4/opencv2/quality) by extension 'colcon_pkg'
[0.333s] Level 1:colcon.colcon_core.package_identification:_identify(env/opencv/install/include/opencv4/opencv2/quality) by extensions ['colcon_meta']
[0.333s] Level 1:colcon.colcon_core.package_identification:_identify(env/opencv/install/include/opencv4/opencv2/quality) by extension 'colcon_meta'
[0.333s] Level 1:colcon.colcon_core.package_identification:_identify(env/opencv/install/include/opencv4/opencv2/quality) by extensions ['ros']
[0.333s] Level 1:colcon.colcon_core.package_identification:_identify(env/opencv/install/include/opencv4/opencv2/quality) by extension 'ros'
[0.333s] Level 1:colcon.colcon_core.package_identification:_identify(env/opencv/install/include/opencv4/opencv2/quality) by extensions ['cmake', 'python']
[0.333s] Level 1:colcon.colcon_core.package_identification:_identify(env/opencv/install/include/opencv4/opencv2/quality) by extension 'cmake'
[0.333s] Level 1:colcon.colcon_core.package_identification:_identify(env/opencv/install/include/opencv4/opencv2/quality) by extension 'python'
[0.333s] Level 1:colcon.colcon_core.package_identification:_identify(env/opencv/install/include/opencv4/opencv2/quality) by extensions ['python_setup_py']
[0.333s] Level 1:colcon.colcon_core.package_identification:_identify(env/opencv/install/include/opencv4/opencv2/quality) by extension 'python_setup_py'
[0.334s] Level 1:colcon.colcon_core.package_identification:_identify(env/opencv/install/include/opencv4/opencv2/reg) by extensions ['ignore', 'ignore_ament_install']
[0.334s] Level 1:colcon.colcon_core.package_identification:_identify(env/opencv/install/include/opencv4/opencv2/reg) by extension 'ignore'
[0.334s] Level 1:colcon.colcon_core.package_identification:_identify(env/opencv/install/include/opencv4/opencv2/reg) by extension 'ignore_ament_install'
[0.334s] Level 1:colcon.colcon_core.package_identification:_identify(env/opencv/install/include/opencv4/opencv2/reg) by extensions ['colcon_pkg']
[0.334s] Level 1:colcon.colcon_core.package_identification:_identify(env/opencv/install/include/opencv4/opencv2/reg) by extension 'colcon_pkg'
[0.334s] Level 1:colcon.colcon_core.package_identification:_identify(env/opencv/install/include/opencv4/opencv2/reg) by extensions ['colcon_meta']
[0.334s] Level 1:colcon.colcon_core.package_identification:_identify(env/opencv/install/include/opencv4/opencv2/reg) by extension 'colcon_meta'
[0.334s] Level 1:colcon.colcon_core.package_identification:_identify(env/opencv/install/include/opencv4/opencv2/reg) by extensions ['ros']
[0.334s] Level 1:colcon.colcon_core.package_identification:_identify(env/opencv/install/include/opencv4/opencv2/reg) by extension 'ros'
[0.334s] Level 1:colcon.colcon_core.package_identification:_identify(env/opencv/install/include/opencv4/opencv2/reg) by extensions ['cmake', 'python']
[0.334s] Level 1:colcon.colcon_core.package_identification:_identify(env/opencv/install/include/opencv4/opencv2/reg) by extension 'cmake'
[0.334s] Level 1:colcon.colcon_core.package_identification:_identify(env/opencv/install/include/opencv4/opencv2/reg) by extension 'python'
[0.334s] Level 1:colcon.colcon_core.package_identification:_identify(env/opencv/install/include/opencv4/opencv2/reg) by extensions ['python_setup_py']
[0.334s] Level 1:colcon.colcon_core.package_identification:_identify(env/opencv/install/include/opencv4/opencv2/reg) by extension 'python_setup_py'
[0.334s] Level 1:colcon.colcon_core.package_identification:_identify(env/opencv/install/include/opencv4/opencv2/rgbd) by extensions ['ignore', 'ignore_ament_install']
[0.334s] Level 1:colcon.colcon_core.package_identification:_identify(env/opencv/install/include/opencv4/opencv2/rgbd) by extension 'ignore'
[0.334s] Level 1:colcon.colcon_core.package_identification:_identify(env/opencv/install/include/opencv4/opencv2/rgbd) by extension 'ignore_ament_install'
[0.334s] Level 1:colcon.colcon_core.package_identification:_identify(env/opencv/install/include/opencv4/opencv2/rgbd) by extensions ['colcon_pkg']
[0.334s] Level 1:colcon.colcon_core.package_identification:_identify(env/opencv/install/include/opencv4/opencv2/rgbd) by extension 'colcon_pkg'
[0.334s] Level 1:colcon.colcon_core.package_identification:_identify(env/opencv/install/include/opencv4/opencv2/rgbd) by extensions ['colcon_meta']
[0.334s] Level 1:colcon.colcon_core.package_identification:_identify(env/opencv/install/include/opencv4/opencv2/rgbd) by extension 'colcon_meta'
[0.334s] Level 1:colcon.colcon_core.package_identification:_identify(env/opencv/install/include/opencv4/opencv2/rgbd) by extensions ['ros']
[0.334s] Level 1:colcon.colcon_core.package_identification:_identify(env/opencv/install/include/opencv4/opencv2/rgbd) by extension 'ros'
[0.334s] Level 1:colcon.colcon_core.package_identification:_identify(env/opencv/install/include/opencv4/opencv2/rgbd) by extensions ['cmake', 'python']
[0.334s] Level 1:colcon.colcon_core.package_identification:_identify(env/opencv/install/include/opencv4/opencv2/rgbd) by extension 'cmake'
[0.334s] Level 1:colcon.colcon_core.package_identification:_identify(env/opencv/install/include/opencv4/opencv2/rgbd) by extension 'python'
[0.334s] Level 1:colcon.colcon_core.package_identification:_identify(env/opencv/install/include/opencv4/opencv2/rgbd) by extensions ['python_setup_py']
[0.334s] Level 1:colcon.colcon_core.package_identification:_identify(env/opencv/install/include/opencv4/opencv2/rgbd) by extension 'python_setup_py'
[0.334s] Level 1:colcon.colcon_core.package_identification:_identify(env/opencv/install/include/opencv4/opencv2/rgbd/detail) by extensions ['ignore', 'ignore_ament_install']
[0.334s] Level 1:colcon.colcon_core.package_identification:_identify(env/opencv/install/include/opencv4/opencv2/rgbd/detail) by extension 'ignore'
[0.335s] Level 1:colcon.colcon_core.package_identification:_identify(env/opencv/install/include/opencv4/opencv2/rgbd/detail) by extension 'ignore_ament_install'
[0.335s] Level 1:colcon.colcon_core.package_identification:_identify(env/opencv/install/include/opencv4/opencv2/rgbd/detail) by extensions ['colcon_pkg']
[0.335s] Level 1:colcon.colcon_core.package_identification:_identify(env/opencv/install/include/opencv4/opencv2/rgbd/detail) by extension 'colcon_pkg'
[0.335s] Level 1:colcon.colcon_core.package_identification:_identify(env/opencv/install/include/opencv4/opencv2/rgbd/detail) by extensions ['colcon_meta']
[0.335s] Level 1:colcon.colcon_core.package_identification:_identify(env/opencv/install/include/opencv4/opencv2/rgbd/detail) by extension 'colcon_meta'
[0.335s] Level 1:colcon.colcon_core.package_identification:_identify(env/opencv/install/include/opencv4/opencv2/rgbd/detail) by extensions ['ros']
[0.335s] Level 1:colcon.colcon_core.package_identification:_identify(env/opencv/install/include/opencv4/opencv2/rgbd/detail) by extension 'ros'
[0.335s] Level 1:colcon.colcon_core.package_identification:_identify(env/opencv/install/include/opencv4/opencv2/rgbd/detail) by extensions ['cmake', 'python']
[0.335s] Level 1:colcon.colcon_core.package_identification:_identify(env/opencv/install/include/opencv4/opencv2/rgbd/detail) by extension 'cmake'
[0.335s] Level 1:colcon.colcon_core.package_identification:_identify(env/opencv/install/include/opencv4/opencv2/rgbd/detail) by extension 'python'
[0.335s] Level 1:colcon.colcon_core.package_identification:_identify(env/opencv/install/include/opencv4/opencv2/rgbd/detail) by extensions ['python_setup_py']
[0.335s] Level 1:colcon.colcon_core.package_identification:_identify(env/opencv/install/include/opencv4/opencv2/rgbd/detail) by extension 'python_setup_py'
[0.335s] Level 1:colcon.colcon_core.package_identification:_identify(env/opencv/install/include/opencv4/opencv2/saliency) by extensions ['ignore', 'ignore_ament_install']
[0.335s] Level 1:colcon.colcon_core.package_identification:_identify(env/opencv/install/include/opencv4/opencv2/saliency) by extension 'ignore'
[0.335s] Level 1:colcon.colcon_core.package_identification:_identify(env/opencv/install/include/opencv4/opencv2/saliency) by extension 'ignore_ament_install'
[0.335s] Level 1:colcon.colcon_core.package_identification:_identify(env/opencv/install/include/opencv4/opencv2/saliency) by extensions ['colcon_pkg']
[0.335s] Level 1:colcon.colcon_core.package_identification:_identify(env/opencv/install/include/opencv4/opencv2/saliency) by extension 'colcon_pkg'
[0.335s] Level 1:colcon.colcon_core.package_identification:_identify(env/opencv/install/include/opencv4/opencv2/saliency) by extensions ['colcon_meta']
[0.335s] Level 1:colcon.colcon_core.package_identification:_identify(env/opencv/install/include/opencv4/opencv2/saliency) by extension 'colcon_meta'
[0.335s] Level 1:colcon.colcon_core.package_identification:_identify(env/opencv/install/include/opencv4/opencv2/saliency) by extensions ['ros']
[0.335s] Level 1:colcon.colcon_core.package_identification:_identify(env/opencv/install/include/opencv4/opencv2/saliency) by extension 'ros'
[0.335s] Level 1:colcon.colcon_core.package_identification:_identify(env/opencv/install/include/opencv4/opencv2/saliency) by extensions ['cmake', 'python']
[0.335s] Level 1:colcon.colcon_core.package_identification:_identify(env/opencv/install/include/opencv4/opencv2/saliency) by extension 'cmake'
[0.335s] Level 1:colcon.colcon_core.package_identification:_identify(env/opencv/install/include/opencv4/opencv2/saliency) by extension 'python'
[0.336s] Level 1:colcon.colcon_core.package_identification:_identify(env/opencv/install/include/opencv4/opencv2/saliency) by extensions ['python_setup_py']
[0.336s] Level 1:colcon.colcon_core.package_identification:_identify(env/opencv/install/include/opencv4/opencv2/saliency) by extension 'python_setup_py'
[0.336s] Level 1:colcon.colcon_core.package_identification:_identify(env/opencv/install/include/opencv4/opencv2/sfm) by extensions ['ignore', 'ignore_ament_install']
[0.336s] Level 1:colcon.colcon_core.package_identification:_identify(env/opencv/install/include/opencv4/opencv2/sfm) by extension 'ignore'
[0.336s] Level 1:colcon.colcon_core.package_identification:_identify(env/opencv/install/include/opencv4/opencv2/sfm) by extension 'ignore_ament_install'
[0.336s] Level 1:colcon.colcon_core.package_identification:_identify(env/opencv/install/include/opencv4/opencv2/sfm) by extensions ['colcon_pkg']
[0.336s] Level 1:colcon.colcon_core.package_identification:_identify(env/opencv/install/include/opencv4/opencv2/sfm) by extension 'colcon_pkg'
[0.336s] Level 1:colcon.colcon_core.package_identification:_identify(env/opencv/install/include/opencv4/opencv2/sfm) by extensions ['colcon_meta']
[0.336s] Level 1:colcon.colcon_core.package_identification:_identify(env/opencv/install/include/opencv4/opencv2/sfm) by extension 'colcon_meta'
[0.336s] Level 1:colcon.colcon_core.package_identification:_identify(env/opencv/install/include/opencv4/opencv2/sfm) by extensions ['ros']
[0.336s] Level 1:colcon.colcon_core.package_identification:_identify(env/opencv/install/include/opencv4/opencv2/sfm) by extension 'ros'
[0.336s] Level 1:colcon.colcon_core.package_identification:_identify(env/opencv/install/include/opencv4/opencv2/sfm) by extensions ['cmake', 'python']
[0.336s] Level 1:colcon.colcon_core.package_identification:_identify(env/opencv/install/include/opencv4/opencv2/sfm) by extension 'cmake'
[0.336s] Level 1:colcon.colcon_core.package_identification:_identify(env/opencv/install/include/opencv4/opencv2/sfm) by extension 'python'
[0.336s] Level 1:colcon.colcon_core.package_identification:_identify(env/opencv/install/include/opencv4/opencv2/sfm) by extensions ['python_setup_py']
[0.336s] Level 1:colcon.colcon_core.package_identification:_identify(env/opencv/install/include/opencv4/opencv2/sfm) by extension 'python_setup_py'
[0.336s] Level 1:colcon.colcon_core.package_identification:_identify(env/opencv/install/include/opencv4/opencv2/shape) by extensions ['ignore', 'ignore_ament_install']
[0.336s] Level 1:colcon.colcon_core.package_identification:_identify(env/opencv/install/include/opencv4/opencv2/shape) by extension 'ignore'
[0.336s] Level 1:colcon.colcon_core.package_identification:_identify(env/opencv/install/include/opencv4/opencv2/shape) by extension 'ignore_ament_install'
[0.336s] Level 1:colcon.colcon_core.package_identification:_identify(env/opencv/install/include/opencv4/opencv2/shape) by extensions ['colcon_pkg']
[0.336s] Level 1:colcon.colcon_core.package_identification:_identify(env/opencv/install/include/opencv4/opencv2/shape) by extension 'colcon_pkg'
[0.336s] Level 1:colcon.colcon_core.package_identification:_identify(env/opencv/install/include/opencv4/opencv2/shape) by extensions ['colcon_meta']
[0.336s] Level 1:colcon.colcon_core.package_identification:_identify(env/opencv/install/include/opencv4/opencv2/shape) by extension 'colcon_meta'
[0.336s] Level 1:colcon.colcon_core.package_identification:_identify(env/opencv/install/include/opencv4/opencv2/shape) by extensions ['ros']
[0.336s] Level 1:colcon.colcon_core.package_identification:_identify(env/opencv/install/include/opencv4/opencv2/shape) by extension 'ros'
[0.336s] Level 1:colcon.colcon_core.package_identification:_identify(env/opencv/install/include/opencv4/opencv2/shape) by extensions ['cmake', 'python']
[0.336s] Level 1:colcon.colcon_core.package_identification:_identify(env/opencv/install/include/opencv4/opencv2/shape) by extension 'cmake'
[0.336s] Level 1:colcon.colcon_core.package_identification:_identify(env/opencv/install/include/opencv4/opencv2/shape) by extension 'python'
[0.336s] Level 1:colcon.colcon_core.package_identification:_identify(env/opencv/install/include/opencv4/opencv2/shape) by extensions ['python_setup_py']
[0.336s] Level 1:colcon.colcon_core.package_identification:_identify(env/opencv/install/include/opencv4/opencv2/shape) by extension 'python_setup_py'
[0.336s] Level 1:colcon.colcon_core.package_identification:_identify(env/opencv/install/include/opencv4/opencv2/signal) by extensions ['ignore', 'ignore_ament_install']
[0.336s] Level 1:colcon.colcon_core.package_identification:_identify(env/opencv/install/include/opencv4/opencv2/signal) by extension 'ignore'
[0.336s] Level 1:colcon.colcon_core.package_identification:_identify(env/opencv/install/include/opencv4/opencv2/signal) by extension 'ignore_ament_install'
[0.336s] Level 1:colcon.colcon_core.package_identification:_identify(env/opencv/install/include/opencv4/opencv2/signal) by extensions ['colcon_pkg']
[0.336s] Level 1:colcon.colcon_core.package_identification:_identify(env/opencv/install/include/opencv4/opencv2/signal) by extension 'colcon_pkg'
[0.336s] Level 1:colcon.colcon_core.package_identification:_identify(env/opencv/install/include/opencv4/opencv2/signal) by extensions ['colcon_meta']
[0.336s] Level 1:colcon.colcon_core.package_identification:_identify(env/opencv/install/include/opencv4/opencv2/signal) by extension 'colcon_meta'
[0.336s] Level 1:colcon.colcon_core.package_identification:_identify(env/opencv/install/include/opencv4/opencv2/signal) by extensions ['ros']
[0.336s] Level 1:colcon.colcon_core.package_identification:_identify(env/opencv/install/include/opencv4/opencv2/signal) by extension 'ros'
[0.336s] Level 1:colcon.colcon_core.package_identification:_identify(env/opencv/install/include/opencv4/opencv2/signal) by extensions ['cmake', 'python']
[0.336s] Level 1:colcon.colcon_core.package_identification:_identify(env/opencv/install/include/opencv4/opencv2/signal) by extension 'cmake'
[0.336s] Level 1:colcon.colcon_core.package_identification:_identify(env/opencv/install/include/opencv4/opencv2/signal) by extension 'python'
[0.336s] Level 1:colcon.colcon_core.package_identification:_identify(env/opencv/install/include/opencv4/opencv2/signal) by extensions ['python_setup_py']
[0.336s] Level 1:colcon.colcon_core.package_identification:_identify(env/opencv/install/include/opencv4/opencv2/signal) by extension 'python_setup_py'
[0.337s] Level 1:colcon.colcon_core.package_identification:_identify(env/opencv/install/include/opencv4/opencv2/stereo) by extensions ['ignore', 'ignore_ament_install']
[0.337s] Level 1:colcon.colcon_core.package_identification:_identify(env/opencv/install/include/opencv4/opencv2/stereo) by extension 'ignore'
[0.337s] Level 1:colcon.colcon_core.package_identification:_identify(env/opencv/install/include/opencv4/opencv2/stereo) by extension 'ignore_ament_install'
[0.337s] Level 1:colcon.colcon_core.package_identification:_identify(env/opencv/install/include/opencv4/opencv2/stereo) by extensions ['colcon_pkg']
[0.337s] Level 1:colcon.colcon_core.package_identification:_identify(env/opencv/install/include/opencv4/opencv2/stereo) by extension 'colcon_pkg'
[0.337s] Level 1:colcon.colcon_core.package_identification:_identify(env/opencv/install/include/opencv4/opencv2/stereo) by extensions ['colcon_meta']
[0.337s] Level 1:colcon.colcon_core.package_identification:_identify(env/opencv/install/include/opencv4/opencv2/stereo) by extension 'colcon_meta'
[0.337s] Level 1:colcon.colcon_core.package_identification:_identify(env/opencv/install/include/opencv4/opencv2/stereo) by extensions ['ros']
[0.337s] Level 1:colcon.colcon_core.package_identification:_identify(env/opencv/install/include/opencv4/opencv2/stereo) by extension 'ros'
[0.337s] Level 1:colcon.colcon_core.package_identification:_identify(env/opencv/install/include/opencv4/opencv2/stereo) by extensions ['cmake', 'python']
[0.337s] Level 1:colcon.colcon_core.package_identification:_identify(env/opencv/install/include/opencv4/opencv2/stereo) by extension 'cmake'
[0.337s] Level 1:colcon.colcon_core.package_identification:_identify(env/opencv/install/include/opencv4/opencv2/stereo) by extension 'python'
[0.337s] Level 1:colcon.colcon_core.package_identification:_identify(env/opencv/install/include/opencv4/opencv2/stereo) by extensions ['python_setup_py']
[0.337s] Level 1:colcon.colcon_core.package_identification:_identify(env/opencv/install/include/opencv4/opencv2/stereo) by extension 'python_setup_py'
[0.337s] Level 1:colcon.colcon_core.package_identification:_identify(env/opencv/install/include/opencv4/opencv2/stitching) by extensions ['ignore', 'ignore_ament_install']
[0.337s] Level 1:colcon.colcon_core.package_identification:_identify(env/opencv/install/include/opencv4/opencv2/stitching) by extension 'ignore'
[0.337s] Level 1:colcon.colcon_core.package_identification:_identify(env/opencv/install/include/opencv4/opencv2/stitching) by extension 'ignore_ament_install'
[0.337s] Level 1:colcon.colcon_core.package_identification:_identify(env/opencv/install/include/opencv4/opencv2/stitching) by extensions ['colcon_pkg']
[0.337s] Level 1:colcon.colcon_core.package_identification:_identify(env/opencv/install/include/opencv4/opencv2/stitching) by extension 'colcon_pkg'
[0.337s] Level 1:colcon.colcon_core.package_identification:_identify(env/opencv/install/include/opencv4/opencv2/stitching) by extensions ['colcon_meta']
[0.337s] Level 1:colcon.colcon_core.package_identification:_identify(env/opencv/install/include/opencv4/opencv2/stitching) by extension 'colcon_meta'
[0.337s] Level 1:colcon.colcon_core.package_identification:_identify(env/opencv/install/include/opencv4/opencv2/stitching) by extensions ['ros']
[0.337s] Level 1:colcon.colcon_core.package_identification:_identify(env/opencv/install/include/opencv4/opencv2/stitching) by extension 'ros'
[0.337s] Level 1:colcon.colcon_core.package_identification:_identify(env/opencv/install/include/opencv4/opencv2/stitching) by extensions ['cmake', 'python']
[0.337s] Level 1:colcon.colcon_core.package_identification:_identify(env/opencv/install/include/opencv4/opencv2/stitching) by extension 'cmake'
[0.337s] Level 1:colcon.colcon_core.package_identification:_identify(env/opencv/install/include/opencv4/opencv2/stitching) by extension 'python'
[0.337s] Level 1:colcon.colcon_core.package_identification:_identify(env/opencv/install/include/opencv4/opencv2/stitching) by extensions ['python_setup_py']
[0.337s] Level 1:colcon.colcon_core.package_identification:_identify(env/opencv/install/include/opencv4/opencv2/stitching) by extension 'python_setup_py'
[0.337s] Level 1:colcon.colcon_core.package_identification:_identify(env/opencv/install/include/opencv4/opencv2/stitching/detail) by extensions ['ignore', 'ignore_ament_install']
[0.337s] Level 1:colcon.colcon_core.package_identification:_identify(env/opencv/install/include/opencv4/opencv2/stitching/detail) by extension 'ignore'
[0.337s] Level 1:colcon.colcon_core.package_identification:_identify(env/opencv/install/include/opencv4/opencv2/stitching/detail) by extension 'ignore_ament_install'
[0.337s] Level 1:colcon.colcon_core.package_identification:_identify(env/opencv/install/include/opencv4/opencv2/stitching/detail) by extensions ['colcon_pkg']
[0.337s] Level 1:colcon.colcon_core.package_identification:_identify(env/opencv/install/include/opencv4/opencv2/stitching/detail) by extension 'colcon_pkg'
[0.337s] Level 1:colcon.colcon_core.package_identification:_identify(env/opencv/install/include/opencv4/opencv2/stitching/detail) by extensions ['colcon_meta']
[0.337s] Level 1:colcon.colcon_core.package_identification:_identify(env/opencv/install/include/opencv4/opencv2/stitching/detail) by extension 'colcon_meta'
[0.337s] Level 1:colcon.colcon_core.package_identification:_identify(env/opencv/install/include/opencv4/opencv2/stitching/detail) by extensions ['ros']
[0.337s] Level 1:colcon.colcon_core.package_identification:_identify(env/opencv/install/include/opencv4/opencv2/stitching/detail) by extension 'ros'
[0.337s] Level 1:colcon.colcon_core.package_identification:_identify(env/opencv/install/include/opencv4/opencv2/stitching/detail) by extensions ['cmake', 'python']
[0.337s] Level 1:colcon.colcon_core.package_identification:_identify(env/opencv/install/include/opencv4/opencv2/stitching/detail) by extension 'cmake'
[0.337s] Level 1:colcon.colcon_core.package_identification:_identify(env/opencv/install/include/opencv4/opencv2/stitching/detail) by extension 'python'
[0.337s] Level 1:colcon.colcon_core.package_identification:_identify(env/opencv/install/include/opencv4/opencv2/stitching/detail) by extensions ['python_setup_py']
[0.337s] Level 1:colcon.colcon_core.package_identification:_identify(env/opencv/install/include/opencv4/opencv2/stitching/detail) by extension 'python_setup_py'
[0.337s] Level 1:colcon.colcon_core.package_identification:_identify(env/opencv/install/include/opencv4/opencv2/structured_light) by extensions ['ignore', 'ignore_ament_install']
[0.338s] Level 1:colcon.colcon_core.package_identification:_identify(env/opencv/install/include/opencv4/opencv2/structured_light) by extension 'ignore'
[0.338s] Level 1:colcon.colcon_core.package_identification:_identify(env/opencv/install/include/opencv4/opencv2/structured_light) by extension 'ignore_ament_install'
[0.338s] Level 1:colcon.colcon_core.package_identification:_identify(env/opencv/install/include/opencv4/opencv2/structured_light) by extensions ['colcon_pkg']
[0.338s] Level 1:colcon.colcon_core.package_identification:_identify(env/opencv/install/include/opencv4/opencv2/structured_light) by extension 'colcon_pkg'
[0.338s] Level 1:colcon.colcon_core.package_identification:_identify(env/opencv/install/include/opencv4/opencv2/structured_light) by extensions ['colcon_meta']
[0.338s] Level 1:colcon.colcon_core.package_identification:_identify(env/opencv/install/include/opencv4/opencv2/structured_light) by extension 'colcon_meta'
[0.338s] Level 1:colcon.colcon_core.package_identification:_identify(env/opencv/install/include/opencv4/opencv2/structured_light) by extensions ['ros']
[0.338s] Level 1:colcon.colcon_core.package_identification:_identify(env/opencv/install/include/opencv4/opencv2/structured_light) by extension 'ros'
[0.338s] Level 1:colcon.colcon_core.package_identification:_identify(env/opencv/install/include/opencv4/opencv2/structured_light) by extensions ['cmake', 'python']
[0.338s] Level 1:colcon.colcon_core.package_identification:_identify(env/opencv/install/include/opencv4/opencv2/structured_light) by extension 'cmake'
[0.338s] Level 1:colcon.colcon_core.package_identification:_identify(env/opencv/install/include/opencv4/opencv2/structured_light) by extension 'python'
[0.338s] Level 1:colcon.colcon_core.package_identification:_identify(env/opencv/install/include/opencv4/opencv2/structured_light) by extensions ['python_setup_py']
[0.338s] Level 1:colcon.colcon_core.package_identification:_identify(env/opencv/install/include/opencv4/opencv2/structured_light) by extension 'python_setup_py'
[0.338s] Level 1:colcon.colcon_core.package_identification:_identify(env/opencv/install/include/opencv4/opencv2/superres) by extensions ['ignore', 'ignore_ament_install']
[0.338s] Level 1:colcon.colcon_core.package_identification:_identify(env/opencv/install/include/opencv4/opencv2/superres) by extension 'ignore'
[0.338s] Level 1:colcon.colcon_core.package_identification:_identify(env/opencv/install/include/opencv4/opencv2/superres) by extension 'ignore_ament_install'
[0.338s] Level 1:colcon.colcon_core.package_identification:_identify(env/opencv/install/include/opencv4/opencv2/superres) by extensions ['colcon_pkg']
[0.338s] Level 1:colcon.colcon_core.package_identification:_identify(env/opencv/install/include/opencv4/opencv2/superres) by extension 'colcon_pkg'
[0.338s] Level 1:colcon.colcon_core.package_identification:_identify(env/opencv/install/include/opencv4/opencv2/superres) by extensions ['colcon_meta']
[0.338s] Level 1:colcon.colcon_core.package_identification:_identify(env/opencv/install/include/opencv4/opencv2/superres) by extension 'colcon_meta'
[0.338s] Level 1:colcon.colcon_core.package_identification:_identify(env/opencv/install/include/opencv4/opencv2/superres) by extensions ['ros']
[0.338s] Level 1:colcon.colcon_core.package_identification:_identify(env/opencv/install/include/opencv4/opencv2/superres) by extension 'ros'
[0.338s] Level 1:colcon.colcon_core.package_identification:_identify(env/opencv/install/include/opencv4/opencv2/superres) by extensions ['cmake', 'python']
[0.338s] Level 1:colcon.colcon_core.package_identification:_identify(env/opencv/install/include/opencv4/opencv2/superres) by extension 'cmake'
[0.338s] Level 1:colcon.colcon_core.package_identification:_identify(env/opencv/install/include/opencv4/opencv2/superres) by extension 'python'
[0.338s] Level 1:colcon.colcon_core.package_identification:_identify(env/opencv/install/include/opencv4/opencv2/superres) by extensions ['python_setup_py']
[0.338s] Level 1:colcon.colcon_core.package_identification:_identify(env/opencv/install/include/opencv4/opencv2/superres) by extension 'python_setup_py'
[0.338s] Level 1:colcon.colcon_core.package_identification:_identify(env/opencv/install/include/opencv4/opencv2/surface_matching) by extensions ['ignore', 'ignore_ament_install']
[0.338s] Level 1:colcon.colcon_core.package_identification:_identify(env/opencv/install/include/opencv4/opencv2/surface_matching) by extension 'ignore'
[0.338s] Level 1:colcon.colcon_core.package_identification:_identify(env/opencv/install/include/opencv4/opencv2/surface_matching) by extension 'ignore_ament_install'
[0.338s] Level 1:colcon.colcon_core.package_identification:_identify(env/opencv/install/include/opencv4/opencv2/surface_matching) by extensions ['colcon_pkg']
[0.338s] Level 1:colcon.colcon_core.package_identification:_identify(env/opencv/install/include/opencv4/opencv2/surface_matching) by extension 'colcon_pkg'
[0.338s] Level 1:colcon.colcon_core.package_identification:_identify(env/opencv/install/include/opencv4/opencv2/surface_matching) by extensions ['colcon_meta']
[0.338s] Level 1:colcon.colcon_core.package_identification:_identify(env/opencv/install/include/opencv4/opencv2/surface_matching) by extension 'colcon_meta'
[0.338s] Level 1:colcon.colcon_core.package_identification:_identify(env/opencv/install/include/opencv4/opencv2/surface_matching) by extensions ['ros']
[0.338s] Level 1:colcon.colcon_core.package_identification:_identify(env/opencv/install/include/opencv4/opencv2/surface_matching) by extension 'ros'
[0.338s] Level 1:colcon.colcon_core.package_identification:_identify(env/opencv/install/include/opencv4/opencv2/surface_matching) by extensions ['cmake', 'python']
[0.338s] Level 1:colcon.colcon_core.package_identification:_identify(env/opencv/install/include/opencv4/opencv2/surface_matching) by extension 'cmake'
[0.338s] Level 1:colcon.colcon_core.package_identification:_identify(env/opencv/install/include/opencv4/opencv2/surface_matching) by extension 'python'
[0.338s] Level 1:colcon.colcon_core.package_identification:_identify(env/opencv/install/include/opencv4/opencv2/surface_matching) by extensions ['python_setup_py']
[0.338s] Level 1:colcon.colcon_core.package_identification:_identify(env/opencv/install/include/opencv4/opencv2/surface_matching) by extension 'python_setup_py'
[0.338s] Level 1:colcon.colcon_core.package_identification:_identify(env/opencv/install/include/opencv4/opencv2/text) by extensions ['ignore', 'ignore_ament_install']
[0.338s] Level 1:colcon.colcon_core.package_identification:_identify(env/opencv/install/include/opencv4/opencv2/text) by extension 'ignore'
[0.338s] Level 1:colcon.colcon_core.package_identification:_identify(env/opencv/install/include/opencv4/opencv2/text) by extension 'ignore_ament_install'
[0.339s] Level 1:colcon.colcon_core.package_identification:_identify(env/opencv/install/include/opencv4/opencv2/text) by extensions ['colcon_pkg']
[0.339s] Level 1:colcon.colcon_core.package_identification:_identify(env/opencv/install/include/opencv4/opencv2/text) by extension 'colcon_pkg'
[0.339s] Level 1:colcon.colcon_core.package_identification:_identify(env/opencv/install/include/opencv4/opencv2/text) by extensions ['colcon_meta']
[0.339s] Level 1:colcon.colcon_core.package_identification:_identify(env/opencv/install/include/opencv4/opencv2/text) by extension 'colcon_meta'
[0.339s] Level 1:colcon.colcon_core.package_identification:_identify(env/opencv/install/include/opencv4/opencv2/text) by extensions ['ros']
[0.339s] Level 1:colcon.colcon_core.package_identification:_identify(env/opencv/install/include/opencv4/opencv2/text) by extension 'ros'
[0.339s] Level 1:colcon.colcon_core.package_identification:_identify(env/opencv/install/include/opencv4/opencv2/text) by extensions ['cmake', 'python']
[0.339s] Level 1:colcon.colcon_core.package_identification:_identify(env/opencv/install/include/opencv4/opencv2/text) by extension 'cmake'
[0.339s] Level 1:colcon.colcon_core.package_identification:_identify(env/opencv/install/include/opencv4/opencv2/text) by extension 'python'
[0.339s] Level 1:colcon.colcon_core.package_identification:_identify(env/opencv/install/include/opencv4/opencv2/text) by extensions ['python_setup_py']
[0.339s] Level 1:colcon.colcon_core.package_identification:_identify(env/opencv/install/include/opencv4/opencv2/text) by extension 'python_setup_py'
[0.339s] Level 1:colcon.colcon_core.package_identification:_identify(env/opencv/install/include/opencv4/opencv2/tracking) by extensions ['ignore', 'ignore_ament_install']
[0.339s] Level 1:colcon.colcon_core.package_identification:_identify(env/opencv/install/include/opencv4/opencv2/tracking) by extension 'ignore'
[0.339s] Level 1:colcon.colcon_core.package_identification:_identify(env/opencv/install/include/opencv4/opencv2/tracking) by extension 'ignore_ament_install'
[0.339s] Level 1:colcon.colcon_core.package_identification:_identify(env/opencv/install/include/opencv4/opencv2/tracking) by extensions ['colcon_pkg']
[0.339s] Level 1:colcon.colcon_core.package_identification:_identify(env/opencv/install/include/opencv4/opencv2/tracking) by extension 'colcon_pkg'
[0.339s] Level 1:colcon.colcon_core.package_identification:_identify(env/opencv/install/include/opencv4/opencv2/tracking) by extensions ['colcon_meta']
[0.339s] Level 1:colcon.colcon_core.package_identification:_identify(env/opencv/install/include/opencv4/opencv2/tracking) by extension 'colcon_meta'
[0.339s] Level 1:colcon.colcon_core.package_identification:_identify(env/opencv/install/include/opencv4/opencv2/tracking) by extensions ['ros']
[0.339s] Level 1:colcon.colcon_core.package_identification:_identify(env/opencv/install/include/opencv4/opencv2/tracking) by extension 'ros'
[0.339s] Level 1:colcon.colcon_core.package_identification:_identify(env/opencv/install/include/opencv4/opencv2/tracking) by extensions ['cmake', 'python']
[0.339s] Level 1:colcon.colcon_core.package_identification:_identify(env/opencv/install/include/opencv4/opencv2/tracking) by extension 'cmake'
[0.339s] Level 1:colcon.colcon_core.package_identification:_identify(env/opencv/install/include/opencv4/opencv2/tracking) by extension 'python'
[0.339s] Level 1:colcon.colcon_core.package_identification:_identify(env/opencv/install/include/opencv4/opencv2/tracking) by extensions ['python_setup_py']
[0.339s] Level 1:colcon.colcon_core.package_identification:_identify(env/opencv/install/include/opencv4/opencv2/tracking) by extension 'python_setup_py'
[0.339s] Level 1:colcon.colcon_core.package_identification:_identify(env/opencv/install/include/opencv4/opencv2/video) by extensions ['ignore', 'ignore_ament_install']
[0.339s] Level 1:colcon.colcon_core.package_identification:_identify(env/opencv/install/include/opencv4/opencv2/video) by extension 'ignore'
[0.339s] Level 1:colcon.colcon_core.package_identification:_identify(env/opencv/install/include/opencv4/opencv2/video) by extension 'ignore_ament_install'
[0.339s] Level 1:colcon.colcon_core.package_identification:_identify(env/opencv/install/include/opencv4/opencv2/video) by extensions ['colcon_pkg']
[0.339s] Level 1:colcon.colcon_core.package_identification:_identify(env/opencv/install/include/opencv4/opencv2/video) by extension 'colcon_pkg'
[0.339s] Level 1:colcon.colcon_core.package_identification:_identify(env/opencv/install/include/opencv4/opencv2/video) by extensions ['colcon_meta']
[0.339s] Level 1:colcon.colcon_core.package_identification:_identify(env/opencv/install/include/opencv4/opencv2/video) by extension 'colcon_meta'
[0.339s] Level 1:colcon.colcon_core.package_identification:_identify(env/opencv/install/include/opencv4/opencv2/video) by extensions ['ros']
[0.339s] Level 1:colcon.colcon_core.package_identification:_identify(env/opencv/install/include/opencv4/opencv2/video) by extension 'ros'
[0.339s] Level 1:colcon.colcon_core.package_identification:_identify(env/opencv/install/include/opencv4/opencv2/video) by extensions ['cmake', 'python']
[0.339s] Level 1:colcon.colcon_core.package_identification:_identify(env/opencv/install/include/opencv4/opencv2/video) by extension 'cmake'
[0.339s] Level 1:colcon.colcon_core.package_identification:_identify(env/opencv/install/include/opencv4/opencv2/video) by extension 'python'
[0.339s] Level 1:colcon.colcon_core.package_identification:_identify(env/opencv/install/include/opencv4/opencv2/video) by extensions ['python_setup_py']
[0.339s] Level 1:colcon.colcon_core.package_identification:_identify(env/opencv/install/include/opencv4/opencv2/video) by extension 'python_setup_py'
[0.339s] Level 1:colcon.colcon_core.package_identification:_identify(env/opencv/install/include/opencv4/opencv2/video/detail) by extensions ['ignore', 'ignore_ament_install']
[0.339s] Level 1:colcon.colcon_core.package_identification:_identify(env/opencv/install/include/opencv4/opencv2/video/detail) by extension 'ignore'
[0.339s] Level 1:colcon.colcon_core.package_identification:_identify(env/opencv/install/include/opencv4/opencv2/video/detail) by extension 'ignore_ament_install'
[0.339s] Level 1:colcon.colcon_core.package_identification:_identify(env/opencv/install/include/opencv4/opencv2/video/detail) by extensions ['colcon_pkg']
[0.339s] Level 1:colcon.colcon_core.package_identification:_identify(env/opencv/install/include/opencv4/opencv2/video/detail) by extension 'colcon_pkg'
[0.339s] Level 1:colcon.colcon_core.package_identification:_identify(env/opencv/install/include/opencv4/opencv2/video/detail) by extensions ['colcon_meta']
[0.339s] Level 1:colcon.colcon_core.package_identification:_identify(env/opencv/install/include/opencv4/opencv2/video/detail) by extension 'colcon_meta'
[0.340s] Level 1:colcon.colcon_core.package_identification:_identify(env/opencv/install/include/opencv4/opencv2/video/detail) by extensions ['ros']
[0.340s] Level 1:colcon.colcon_core.package_identification:_identify(env/opencv/install/include/opencv4/opencv2/video/detail) by extension 'ros'
[0.340s] Level 1:colcon.colcon_core.package_identification:_identify(env/opencv/install/include/opencv4/opencv2/video/detail) by extensions ['cmake', 'python']
[0.340s] Level 1:colcon.colcon_core.package_identification:_identify(env/opencv/install/include/opencv4/opencv2/video/detail) by extension 'cmake'
[0.340s] Level 1:colcon.colcon_core.package_identification:_identify(env/opencv/install/include/opencv4/opencv2/video/detail) by extension 'python'
[0.340s] Level 1:colcon.colcon_core.package_identification:_identify(env/opencv/install/include/opencv4/opencv2/video/detail) by extensions ['python_setup_py']
[0.340s] Level 1:colcon.colcon_core.package_identification:_identify(env/opencv/install/include/opencv4/opencv2/video/detail) by extension 'python_setup_py'
[0.340s] Level 1:colcon.colcon_core.package_identification:_identify(env/opencv/install/include/opencv4/opencv2/video/legacy) by extensions ['ignore', 'ignore_ament_install']
[0.340s] Level 1:colcon.colcon_core.package_identification:_identify(env/opencv/install/include/opencv4/opencv2/video/legacy) by extension 'ignore'
[0.340s] Level 1:colcon.colcon_core.package_identification:_identify(env/opencv/install/include/opencv4/opencv2/video/legacy) by extension 'ignore_ament_install'
[0.340s] Level 1:colcon.colcon_core.package_identification:_identify(env/opencv/install/include/opencv4/opencv2/video/legacy) by extensions ['colcon_pkg']
[0.340s] Level 1:colcon.colcon_core.package_identification:_identify(env/opencv/install/include/opencv4/opencv2/video/legacy) by extension 'colcon_pkg'
[0.340s] Level 1:colcon.colcon_core.package_identification:_identify(env/opencv/install/include/opencv4/opencv2/video/legacy) by extensions ['colcon_meta']
[0.340s] Level 1:colcon.colcon_core.package_identification:_identify(env/opencv/install/include/opencv4/opencv2/video/legacy) by extension 'colcon_meta'
[0.340s] Level 1:colcon.colcon_core.package_identification:_identify(env/opencv/install/include/opencv4/opencv2/video/legacy) by extensions ['ros']
[0.340s] Level 1:colcon.colcon_core.package_identification:_identify(env/opencv/install/include/opencv4/opencv2/video/legacy) by extension 'ros'
[0.340s] Level 1:colcon.colcon_core.package_identification:_identify(env/opencv/install/include/opencv4/opencv2/video/legacy) by extensions ['cmake', 'python']
[0.340s] Level 1:colcon.colcon_core.package_identification:_identify(env/opencv/install/include/opencv4/opencv2/video/legacy) by extension 'cmake'
[0.340s] Level 1:colcon.colcon_core.package_identification:_identify(env/opencv/install/include/opencv4/opencv2/video/legacy) by extension 'python'
[0.340s] Level 1:colcon.colcon_core.package_identification:_identify(env/opencv/install/include/opencv4/opencv2/video/legacy) by extensions ['python_setup_py']
[0.340s] Level 1:colcon.colcon_core.package_identification:_identify(env/opencv/install/include/opencv4/opencv2/video/legacy) by extension 'python_setup_py'
[0.340s] Level 1:colcon.colcon_core.package_identification:_identify(env/opencv/install/include/opencv4/opencv2/videoio) by extensions ['ignore', 'ignore_ament_install']
[0.340s] Level 1:colcon.colcon_core.package_identification:_identify(env/opencv/install/include/opencv4/opencv2/videoio) by extension 'ignore'
[0.340s] Level 1:colcon.colcon_core.package_identification:_identify(env/opencv/install/include/opencv4/opencv2/videoio) by extension 'ignore_ament_install'
[0.340s] Level 1:colcon.colcon_core.package_identification:_identify(env/opencv/install/include/opencv4/opencv2/videoio) by extensions ['colcon_pkg']
[0.340s] Level 1:colcon.colcon_core.package_identification:_identify(env/opencv/install/include/opencv4/opencv2/videoio) by extension 'colcon_pkg'
[0.340s] Level 1:colcon.colcon_core.package_identification:_identify(env/opencv/install/include/opencv4/opencv2/videoio) by extensions ['colcon_meta']
[0.340s] Level 1:colcon.colcon_core.package_identification:_identify(env/opencv/install/include/opencv4/opencv2/videoio) by extension 'colcon_meta'
[0.340s] Level 1:colcon.colcon_core.package_identification:_identify(env/opencv/install/include/opencv4/opencv2/videoio) by extensions ['ros']
[0.340s] Level 1:colcon.colcon_core.package_identification:_identify(env/opencv/install/include/opencv4/opencv2/videoio) by extension 'ros'
[0.340s] Level 1:colcon.colcon_core.package_identification:_identify(env/opencv/install/include/opencv4/opencv2/videoio) by extensions ['cmake', 'python']
[0.340s] Level 1:colcon.colcon_core.package_identification:_identify(env/opencv/install/include/opencv4/opencv2/videoio) by extension 'cmake'
[0.340s] Level 1:colcon.colcon_core.package_identification:_identify(env/opencv/install/include/opencv4/opencv2/videoio) by extension 'python'
[0.340s] Level 1:colcon.colcon_core.package_identification:_identify(env/opencv/install/include/opencv4/opencv2/videoio) by extensions ['python_setup_py']
[0.340s] Level 1:colcon.colcon_core.package_identification:_identify(env/opencv/install/include/opencv4/opencv2/videoio) by extension 'python_setup_py'
[0.340s] Level 1:colcon.colcon_core.package_identification:_identify(env/opencv/install/include/opencv4/opencv2/videoio/legacy) by extensions ['ignore', 'ignore_ament_install']
[0.340s] Level 1:colcon.colcon_core.package_identification:_identify(env/opencv/install/include/opencv4/opencv2/videoio/legacy) by extension 'ignore'
[0.340s] Level 1:colcon.colcon_core.package_identification:_identify(env/opencv/install/include/opencv4/opencv2/videoio/legacy) by extension 'ignore_ament_install'
[0.340s] Level 1:colcon.colcon_core.package_identification:_identify(env/opencv/install/include/opencv4/opencv2/videoio/legacy) by extensions ['colcon_pkg']
[0.340s] Level 1:colcon.colcon_core.package_identification:_identify(env/opencv/install/include/opencv4/opencv2/videoio/legacy) by extension 'colcon_pkg'
[0.340s] Level 1:colcon.colcon_core.package_identification:_identify(env/opencv/install/include/opencv4/opencv2/videoio/legacy) by extensions ['colcon_meta']
[0.340s] Level 1:colcon.colcon_core.package_identification:_identify(env/opencv/install/include/opencv4/opencv2/videoio/legacy) by extension 'colcon_meta'
[0.340s] Level 1:colcon.colcon_core.package_identification:_identify(env/opencv/install/include/opencv4/opencv2/videoio/legacy) by extensions ['ros']
[0.340s] Level 1:colcon.colcon_core.package_identification:_identify(env/opencv/install/include/opencv4/opencv2/videoio/legacy) by extension 'ros'
[0.340s] Level 1:colcon.colcon_core.package_identification:_identify(env/opencv/install/include/opencv4/opencv2/videoio/legacy) by extensions ['cmake', 'python']
[0.341s] Level 1:colcon.colcon_core.package_identification:_identify(env/opencv/install/include/opencv4/opencv2/videoio/legacy) by extension 'cmake'
[0.341s] Level 1:colcon.colcon_core.package_identification:_identify(env/opencv/install/include/opencv4/opencv2/videoio/legacy) by extension 'python'
[0.341s] Level 1:colcon.colcon_core.package_identification:_identify(env/opencv/install/include/opencv4/opencv2/videoio/legacy) by extensions ['python_setup_py']
[0.341s] Level 1:colcon.colcon_core.package_identification:_identify(env/opencv/install/include/opencv4/opencv2/videoio/legacy) by extension 'python_setup_py'
[0.341s] Level 1:colcon.colcon_core.package_identification:_identify(env/opencv/install/include/opencv4/opencv2/videostab) by extensions ['ignore', 'ignore_ament_install']
[0.341s] Level 1:colcon.colcon_core.package_identification:_identify(env/opencv/install/include/opencv4/opencv2/videostab) by extension 'ignore'
[0.341s] Level 1:colcon.colcon_core.package_identification:_identify(env/opencv/install/include/opencv4/opencv2/videostab) by extension 'ignore_ament_install'
[0.341s] Level 1:colcon.colcon_core.package_identification:_identify(env/opencv/install/include/opencv4/opencv2/videostab) by extensions ['colcon_pkg']
[0.341s] Level 1:colcon.colcon_core.package_identification:_identify(env/opencv/install/include/opencv4/opencv2/videostab) by extension 'colcon_pkg'
[0.341s] Level 1:colcon.colcon_core.package_identification:_identify(env/opencv/install/include/opencv4/opencv2/videostab) by extensions ['colcon_meta']
[0.341s] Level 1:colcon.colcon_core.package_identification:_identify(env/opencv/install/include/opencv4/opencv2/videostab) by extension 'colcon_meta'
[0.341s] Level 1:colcon.colcon_core.package_identification:_identify(env/opencv/install/include/opencv4/opencv2/videostab) by extensions ['ros']
[0.341s] Level 1:colcon.colcon_core.package_identification:_identify(env/opencv/install/include/opencv4/opencv2/videostab) by extension 'ros'
[0.341s] Level 1:colcon.colcon_core.package_identification:_identify(env/opencv/install/include/opencv4/opencv2/videostab) by extensions ['cmake', 'python']
[0.341s] Level 1:colcon.colcon_core.package_identification:_identify(env/opencv/install/include/opencv4/opencv2/videostab) by extension 'cmake'
[0.341s] Level 1:colcon.colcon_core.package_identification:_identify(env/opencv/install/include/opencv4/opencv2/videostab) by extension 'python'
[0.341s] Level 1:colcon.colcon_core.package_identification:_identify(env/opencv/install/include/opencv4/opencv2/videostab) by extensions ['python_setup_py']
[0.341s] Level 1:colcon.colcon_core.package_identification:_identify(env/opencv/install/include/opencv4/opencv2/videostab) by extension 'python_setup_py'
[0.341s] Level 1:colcon.colcon_core.package_identification:_identify(env/opencv/install/include/opencv4/opencv2/viz) by extensions ['ignore', 'ignore_ament_install']
[0.341s] Level 1:colcon.colcon_core.package_identification:_identify(env/opencv/install/include/opencv4/opencv2/viz) by extension 'ignore'
[0.341s] Level 1:colcon.colcon_core.package_identification:_identify(env/opencv/install/include/opencv4/opencv2/viz) by extension 'ignore_ament_install'
[0.341s] Level 1:colcon.colcon_core.package_identification:_identify(env/opencv/install/include/opencv4/opencv2/viz) by extensions ['colcon_pkg']
[0.341s] Level 1:colcon.colcon_core.package_identification:_identify(env/opencv/install/include/opencv4/opencv2/viz) by extension 'colcon_pkg'
[0.341s] Level 1:colcon.colcon_core.package_identification:_identify(env/opencv/install/include/opencv4/opencv2/viz) by extensions ['colcon_meta']
[0.341s] Level 1:colcon.colcon_core.package_identification:_identify(env/opencv/install/include/opencv4/opencv2/viz) by extension 'colcon_meta'
[0.341s] Level 1:colcon.colcon_core.package_identification:_identify(env/opencv/install/include/opencv4/opencv2/viz) by extensions ['ros']
[0.341s] Level 1:colcon.colcon_core.package_identification:_identify(env/opencv/install/include/opencv4/opencv2/viz) by extension 'ros'
[0.341s] Level 1:colcon.colcon_core.package_identification:_identify(env/opencv/install/include/opencv4/opencv2/viz) by extensions ['cmake', 'python']
[0.341s] Level 1:colcon.colcon_core.package_identification:_identify(env/opencv/install/include/opencv4/opencv2/viz) by extension 'cmake'
[0.341s] Level 1:colcon.colcon_core.package_identification:_identify(env/opencv/install/include/opencv4/opencv2/viz) by extension 'python'
[0.341s] Level 1:colcon.colcon_core.package_identification:_identify(env/opencv/install/include/opencv4/opencv2/viz) by extensions ['python_setup_py']
[0.341s] Level 1:colcon.colcon_core.package_identification:_identify(env/opencv/install/include/opencv4/opencv2/viz) by extension 'python_setup_py'
[0.341s] Level 1:colcon.colcon_core.package_identification:_identify(env/opencv/install/include/opencv4/opencv2/xfeatures2d) by extensions ['ignore', 'ignore_ament_install']
[0.341s] Level 1:colcon.colcon_core.package_identification:_identify(env/opencv/install/include/opencv4/opencv2/xfeatures2d) by extension 'ignore'
[0.341s] Level 1:colcon.colcon_core.package_identification:_identify(env/opencv/install/include/opencv4/opencv2/xfeatures2d) by extension 'ignore_ament_install'
[0.341s] Level 1:colcon.colcon_core.package_identification:_identify(env/opencv/install/include/opencv4/opencv2/xfeatures2d) by extensions ['colcon_pkg']
[0.341s] Level 1:colcon.colcon_core.package_identification:_identify(env/opencv/install/include/opencv4/opencv2/xfeatures2d) by extension 'colcon_pkg'
[0.341s] Level 1:colcon.colcon_core.package_identification:_identify(env/opencv/install/include/opencv4/opencv2/xfeatures2d) by extensions ['colcon_meta']
[0.341s] Level 1:colcon.colcon_core.package_identification:_identify(env/opencv/install/include/opencv4/opencv2/xfeatures2d) by extension 'colcon_meta'
[0.341s] Level 1:colcon.colcon_core.package_identification:_identify(env/opencv/install/include/opencv4/opencv2/xfeatures2d) by extensions ['ros']
[0.341s] Level 1:colcon.colcon_core.package_identification:_identify(env/opencv/install/include/opencv4/opencv2/xfeatures2d) by extension 'ros'
[0.341s] Level 1:colcon.colcon_core.package_identification:_identify(env/opencv/install/include/opencv4/opencv2/xfeatures2d) by extensions ['cmake', 'python']
[0.341s] Level 1:colcon.colcon_core.package_identification:_identify(env/opencv/install/include/opencv4/opencv2/xfeatures2d) by extension 'cmake'
[0.341s] Level 1:colcon.colcon_core.package_identification:_identify(env/opencv/install/include/opencv4/opencv2/xfeatures2d) by extension 'python'
[0.341s] Level 1:colcon.colcon_core.package_identification:_identify(env/opencv/install/include/opencv4/opencv2/xfeatures2d) by extensions ['python_setup_py']
[0.342s] Level 1:colcon.colcon_core.package_identification:_identify(env/opencv/install/include/opencv4/opencv2/xfeatures2d) by extension 'python_setup_py'
[0.342s] Level 1:colcon.colcon_core.package_identification:_identify(env/opencv/install/include/opencv4/opencv2/ximgproc) by extensions ['ignore', 'ignore_ament_install']
[0.342s] Level 1:colcon.colcon_core.package_identification:_identify(env/opencv/install/include/opencv4/opencv2/ximgproc) by extension 'ignore'
[0.342s] Level 1:colcon.colcon_core.package_identification:_identify(env/opencv/install/include/opencv4/opencv2/ximgproc) by extension 'ignore_ament_install'
[0.342s] Level 1:colcon.colcon_core.package_identification:_identify(env/opencv/install/include/opencv4/opencv2/ximgproc) by extensions ['colcon_pkg']
[0.342s] Level 1:colcon.colcon_core.package_identification:_identify(env/opencv/install/include/opencv4/opencv2/ximgproc) by extension 'colcon_pkg'
[0.342s] Level 1:colcon.colcon_core.package_identification:_identify(env/opencv/install/include/opencv4/opencv2/ximgproc) by extensions ['colcon_meta']
[0.342s] Level 1:colcon.colcon_core.package_identification:_identify(env/opencv/install/include/opencv4/opencv2/ximgproc) by extension 'colcon_meta'
[0.342s] Level 1:colcon.colcon_core.package_identification:_identify(env/opencv/install/include/opencv4/opencv2/ximgproc) by extensions ['ros']
[0.342s] Level 1:colcon.colcon_core.package_identification:_identify(env/opencv/install/include/opencv4/opencv2/ximgproc) by extension 'ros'
[0.342s] Level 1:colcon.colcon_core.package_identification:_identify(env/opencv/install/include/opencv4/opencv2/ximgproc) by extensions ['cmake', 'python']
[0.342s] Level 1:colcon.colcon_core.package_identification:_identify(env/opencv/install/include/opencv4/opencv2/ximgproc) by extension 'cmake'
[0.342s] Level 1:colcon.colcon_core.package_identification:_identify(env/opencv/install/include/opencv4/opencv2/ximgproc) by extension 'python'
[0.342s] Level 1:colcon.colcon_core.package_identification:_identify(env/opencv/install/include/opencv4/opencv2/ximgproc) by extensions ['python_setup_py']
[0.342s] Level 1:colcon.colcon_core.package_identification:_identify(env/opencv/install/include/opencv4/opencv2/ximgproc) by extension 'python_setup_py'
[0.342s] Level 1:colcon.colcon_core.package_identification:_identify(env/opencv/install/include/opencv4/opencv2/xphoto) by extensions ['ignore', 'ignore_ament_install']
[0.342s] Level 1:colcon.colcon_core.package_identification:_identify(env/opencv/install/include/opencv4/opencv2/xphoto) by extension 'ignore'
[0.342s] Level 1:colcon.colcon_core.package_identification:_identify(env/opencv/install/include/opencv4/opencv2/xphoto) by extension 'ignore_ament_install'
[0.342s] Level 1:colcon.colcon_core.package_identification:_identify(env/opencv/install/include/opencv4/opencv2/xphoto) by extensions ['colcon_pkg']
[0.342s] Level 1:colcon.colcon_core.package_identification:_identify(env/opencv/install/include/opencv4/opencv2/xphoto) by extension 'colcon_pkg'
[0.342s] Level 1:colcon.colcon_core.package_identification:_identify(env/opencv/install/include/opencv4/opencv2/xphoto) by extensions ['colcon_meta']
[0.342s] Level 1:colcon.colcon_core.package_identification:_identify(env/opencv/install/include/opencv4/opencv2/xphoto) by extension 'colcon_meta'
[0.342s] Level 1:colcon.colcon_core.package_identification:_identify(env/opencv/install/include/opencv4/opencv2/xphoto) by extensions ['ros']
[0.342s] Level 1:colcon.colcon_core.package_identification:_identify(env/opencv/install/include/opencv4/opencv2/xphoto) by extension 'ros'
[0.342s] Level 1:colcon.colcon_core.package_identification:_identify(env/opencv/install/include/opencv4/opencv2/xphoto) by extensions ['cmake', 'python']
[0.342s] Level 1:colcon.colcon_core.package_identification:_identify(env/opencv/install/include/opencv4/opencv2/xphoto) by extension 'cmake'
[0.342s] Level 1:colcon.colcon_core.package_identification:_identify(env/opencv/install/include/opencv4/opencv2/xphoto) by extension 'python'
[0.342s] Level 1:colcon.colcon_core.package_identification:_identify(env/opencv/install/include/opencv4/opencv2/xphoto) by extensions ['python_setup_py']
[0.342s] Level 1:colcon.colcon_core.package_identification:_identify(env/opencv/install/include/opencv4/opencv2/xphoto) by extension 'python_setup_py'
[0.342s] Level 1:colcon.colcon_core.package_identification:_identify(env/opencv/install/lib) by extensions ['ignore', 'ignore_ament_install']
[0.343s] Level 1:colcon.colcon_core.package_identification:_identify(env/opencv/install/lib) by extension 'ignore'
[0.343s] Level 1:colcon.colcon_core.package_identification:_identify(env/opencv/install/lib) by extension 'ignore_ament_install'
[0.343s] Level 1:colcon.colcon_core.package_identification:_identify(env/opencv/install/lib) by extensions ['colcon_pkg']
[0.343s] Level 1:colcon.colcon_core.package_identification:_identify(env/opencv/install/lib) by extension 'colcon_pkg'
[0.343s] Level 1:colcon.colcon_core.package_identification:_identify(env/opencv/install/lib) by extensions ['colcon_meta']
[0.343s] Level 1:colcon.colcon_core.package_identification:_identify(env/opencv/install/lib) by extension 'colcon_meta'
[0.343s] Level 1:colcon.colcon_core.package_identification:_identify(env/opencv/install/lib) by extensions ['ros']
[0.343s] Level 1:colcon.colcon_core.package_identification:_identify(env/opencv/install/lib) by extension 'ros'
[0.343s] Level 1:colcon.colcon_core.package_identification:_identify(env/opencv/install/lib) by extensions ['cmake', 'python']
[0.343s] Level 1:colcon.colcon_core.package_identification:_identify(env/opencv/install/lib) by extension 'cmake'
[0.343s] Level 1:colcon.colcon_core.package_identification:_identify(env/opencv/install/lib) by extension 'python'
[0.343s] Level 1:colcon.colcon_core.package_identification:_identify(env/opencv/install/lib) by extensions ['python_setup_py']
[0.343s] Level 1:colcon.colcon_core.package_identification:_identify(env/opencv/install/lib) by extension 'python_setup_py'
[0.343s] Level 1:colcon.colcon_core.package_identification:_identify(env/opencv/install/lib/cmake) by extensions ['ignore', 'ignore_ament_install']
[0.343s] Level 1:colcon.colcon_core.package_identification:_identify(env/opencv/install/lib/cmake) by extension 'ignore'
[0.343s] Level 1:colcon.colcon_core.package_identification:_identify(env/opencv/install/lib/cmake) by extension 'ignore_ament_install'
[0.343s] Level 1:colcon.colcon_core.package_identification:_identify(env/opencv/install/lib/cmake) by extensions ['colcon_pkg']
[0.343s] Level 1:colcon.colcon_core.package_identification:_identify(env/opencv/install/lib/cmake) by extension 'colcon_pkg'
[0.343s] Level 1:colcon.colcon_core.package_identification:_identify(env/opencv/install/lib/cmake) by extensions ['colcon_meta']
[0.343s] Level 1:colcon.colcon_core.package_identification:_identify(env/opencv/install/lib/cmake) by extension 'colcon_meta'
[0.343s] Level 1:colcon.colcon_core.package_identification:_identify(env/opencv/install/lib/cmake) by extensions ['ros']
[0.343s] Level 1:colcon.colcon_core.package_identification:_identify(env/opencv/install/lib/cmake) by extension 'ros'
[0.343s] Level 1:colcon.colcon_core.package_identification:_identify(env/opencv/install/lib/cmake) by extensions ['cmake', 'python']
[0.343s] Level 1:colcon.colcon_core.package_identification:_identify(env/opencv/install/lib/cmake) by extension 'cmake'
[0.343s] Level 1:colcon.colcon_core.package_identification:_identify(env/opencv/install/lib/cmake) by extension 'python'
[0.343s] Level 1:colcon.colcon_core.package_identification:_identify(env/opencv/install/lib/cmake) by extensions ['python_setup_py']
[0.343s] Level 1:colcon.colcon_core.package_identification:_identify(env/opencv/install/lib/cmake) by extension 'python_setup_py'
[0.343s] Level 1:colcon.colcon_core.package_identification:_identify(env/opencv/install/lib/cmake/opencv4) by extensions ['ignore', 'ignore_ament_install']
[0.343s] Level 1:colcon.colcon_core.package_identification:_identify(env/opencv/install/lib/cmake/opencv4) by extension 'ignore'
[0.343s] Level 1:colcon.colcon_core.package_identification:_identify(env/opencv/install/lib/cmake/opencv4) by extension 'ignore_ament_install'
[0.343s] Level 1:colcon.colcon_core.package_identification:_identify(env/opencv/install/lib/cmake/opencv4) by extensions ['colcon_pkg']
[0.343s] Level 1:colcon.colcon_core.package_identification:_identify(env/opencv/install/lib/cmake/opencv4) by extension 'colcon_pkg'
[0.343s] Level 1:colcon.colcon_core.package_identification:_identify(env/opencv/install/lib/cmake/opencv4) by extensions ['colcon_meta']
[0.343s] Level 1:colcon.colcon_core.package_identification:_identify(env/opencv/install/lib/cmake/opencv4) by extension 'colcon_meta'
[0.343s] Level 1:colcon.colcon_core.package_identification:_identify(env/opencv/install/lib/cmake/opencv4) by extensions ['ros']
[0.343s] Level 1:colcon.colcon_core.package_identification:_identify(env/opencv/install/lib/cmake/opencv4) by extension 'ros'
[0.343s] Level 1:colcon.colcon_core.package_identification:_identify(env/opencv/install/lib/cmake/opencv4) by extensions ['cmake', 'python']
[0.343s] Level 1:colcon.colcon_core.package_identification:_identify(env/opencv/install/lib/cmake/opencv4) by extension 'cmake'
[0.343s] Level 1:colcon.colcon_core.package_identification:_identify(env/opencv/install/lib/cmake/opencv4) by extension 'python'
[0.343s] Level 1:colcon.colcon_core.package_identification:_identify(env/opencv/install/lib/cmake/opencv4) by extensions ['python_setup_py']
[0.343s] Level 1:colcon.colcon_core.package_identification:_identify(env/opencv/install/lib/cmake/opencv4) by extension 'python_setup_py'
[0.343s] Level 1:colcon.colcon_core.package_identification:_identify(env/opencv/install/lib/opencv4) by extensions ['ignore', 'ignore_ament_install']
[0.343s] Level 1:colcon.colcon_core.package_identification:_identify(env/opencv/install/lib/opencv4) by extension 'ignore'
[0.343s] Level 1:colcon.colcon_core.package_identification:_identify(env/opencv/install/lib/opencv4) by extension 'ignore_ament_install'
[0.344s] Level 1:colcon.colcon_core.package_identification:_identify(env/opencv/install/lib/opencv4) by extensions ['colcon_pkg']
[0.344s] Level 1:colcon.colcon_core.package_identification:_identify(env/opencv/install/lib/opencv4) by extension 'colcon_pkg'
[0.344s] Level 1:colcon.colcon_core.package_identification:_identify(env/opencv/install/lib/opencv4) by extensions ['colcon_meta']
[0.344s] Level 1:colcon.colcon_core.package_identification:_identify(env/opencv/install/lib/opencv4) by extension 'colcon_meta'
[0.344s] Level 1:colcon.colcon_core.package_identification:_identify(env/opencv/install/lib/opencv4) by extensions ['ros']
[0.344s] Level 1:colcon.colcon_core.package_identification:_identify(env/opencv/install/lib/opencv4) by extension 'ros'
[0.344s] Level 1:colcon.colcon_core.package_identification:_identify(env/opencv/install/lib/opencv4) by extensions ['cmake', 'python']
[0.344s] Level 1:colcon.colcon_core.package_identification:_identify(env/opencv/install/lib/opencv4) by extension 'cmake'
[0.344s] Level 1:colcon.colcon_core.package_identification:_identify(env/opencv/install/lib/opencv4) by extension 'python'
[0.344s] Level 1:colcon.colcon_core.package_identification:_identify(env/opencv/install/lib/opencv4) by extensions ['python_setup_py']
[0.344s] Level 1:colcon.colcon_core.package_identification:_identify(env/opencv/install/lib/opencv4) by extension 'python_setup_py'
[0.344s] Level 1:colcon.colcon_core.package_identification:_identify(env/opencv/install/lib/opencv4/3rdparty) by extensions ['ignore', 'ignore_ament_install']
[0.344s] Level 1:colcon.colcon_core.package_identification:_identify(env/opencv/install/lib/opencv4/3rdparty) by extension 'ignore'
[0.344s] Level 1:colcon.colcon_core.package_identification:_identify(env/opencv/install/lib/opencv4/3rdparty) by extension 'ignore_ament_install'
[0.344s] Level 1:colcon.colcon_core.package_identification:_identify(env/opencv/install/lib/opencv4/3rdparty) by extensions ['colcon_pkg']
[0.344s] Level 1:colcon.colcon_core.package_identification:_identify(env/opencv/install/lib/opencv4/3rdparty) by extension 'colcon_pkg'
[0.344s] Level 1:colcon.colcon_core.package_identification:_identify(env/opencv/install/lib/opencv4/3rdparty) by extensions ['colcon_meta']
[0.344s] Level 1:colcon.colcon_core.package_identification:_identify(env/opencv/install/lib/opencv4/3rdparty) by extension 'colcon_meta'
[0.344s] Level 1:colcon.colcon_core.package_identification:_identify(env/opencv/install/lib/opencv4/3rdparty) by extensions ['ros']
[0.344s] Level 1:colcon.colcon_core.package_identification:_identify(env/opencv/install/lib/opencv4/3rdparty) by extension 'ros'
[0.344s] Level 1:colcon.colcon_core.package_identification:_identify(env/opencv/install/lib/opencv4/3rdparty) by extensions ['cmake', 'python']
[0.344s] Level 1:colcon.colcon_core.package_identification:_identify(env/opencv/install/lib/opencv4/3rdparty) by extension 'cmake'
[0.344s] Level 1:colcon.colcon_core.package_identification:_identify(env/opencv/install/lib/opencv4/3rdparty) by extension 'python'
[0.344s] Level 1:colcon.colcon_core.package_identification:_identify(env/opencv/install/lib/opencv4/3rdparty) by extensions ['python_setup_py']
[0.344s] Level 1:colcon.colcon_core.package_identification:_identify(env/opencv/install/lib/opencv4/3rdparty) by extension 'python_setup_py'
[0.344s] Level 1:colcon.colcon_core.package_identification:_identify(env/opencv/install/share) by extensions ['ignore', 'ignore_ament_install']
[0.344s] Level 1:colcon.colcon_core.package_identification:_identify(env/opencv/install/share) by extension 'ignore'
[0.344s] Level 1:colcon.colcon_core.package_identification:_identify(env/opencv/install/share) by extension 'ignore_ament_install'
[0.344s] Level 1:colcon.colcon_core.package_identification:_identify(env/opencv/install/share) by extensions ['colcon_pkg']
[0.344s] Level 1:colcon.colcon_core.package_identification:_identify(env/opencv/install/share) by extension 'colcon_pkg'
[0.344s] Level 1:colcon.colcon_core.package_identification:_identify(env/opencv/install/share) by extensions ['colcon_meta']
[0.344s] Level 1:colcon.colcon_core.package_identification:_identify(env/opencv/install/share) by extension 'colcon_meta'
[0.344s] Level 1:colcon.colcon_core.package_identification:_identify(env/opencv/install/share) by extensions ['ros']
[0.344s] Level 1:colcon.colcon_core.package_identification:_identify(env/opencv/install/share) by extension 'ros'
[0.344s] Level 1:colcon.colcon_core.package_identification:_identify(env/opencv/install/share) by extensions ['cmake', 'python']
[0.344s] Level 1:colcon.colcon_core.package_identification:_identify(env/opencv/install/share) by extension 'cmake'
[0.344s] Level 1:colcon.colcon_core.package_identification:_identify(env/opencv/install/share) by extension 'python'
[0.344s] Level 1:colcon.colcon_core.package_identification:_identify(env/opencv/install/share) by extensions ['python_setup_py']
[0.344s] Level 1:colcon.colcon_core.package_identification:_identify(env/opencv/install/share) by extension 'python_setup_py'
[0.344s] Level 1:colcon.colcon_core.package_identification:_identify(env/opencv/install/share/java) by extensions ['ignore', 'ignore_ament_install']
[0.344s] Level 1:colcon.colcon_core.package_identification:_identify(env/opencv/install/share/java) by extension 'ignore'
[0.344s] Level 1:colcon.colcon_core.package_identification:_identify(env/opencv/install/share/java) by extension 'ignore_ament_install'
[0.344s] Level 1:colcon.colcon_core.package_identification:_identify(env/opencv/install/share/java) by extensions ['colcon_pkg']
[0.344s] Level 1:colcon.colcon_core.package_identification:_identify(env/opencv/install/share/java) by extension 'colcon_pkg'
[0.344s] Level 1:colcon.colcon_core.package_identification:_identify(env/opencv/install/share/java) by extensions ['colcon_meta']
[0.344s] Level 1:colcon.colcon_core.package_identification:_identify(env/opencv/install/share/java) by extension 'colcon_meta'
[0.345s] Level 1:colcon.colcon_core.package_identification:_identify(env/opencv/install/share/java) by extensions ['ros']
[0.345s] Level 1:colcon.colcon_core.package_identification:_identify(env/opencv/install/share/java) by extension 'ros'
[0.345s] Level 1:colcon.colcon_core.package_identification:_identify(env/opencv/install/share/java) by extensions ['cmake', 'python']
[0.345s] Level 1:colcon.colcon_core.package_identification:_identify(env/opencv/install/share/java) by extension 'cmake'
[0.345s] Level 1:colcon.colcon_core.package_identification:_identify(env/opencv/install/share/java) by extension 'python'
[0.345s] Level 1:colcon.colcon_core.package_identification:_identify(env/opencv/install/share/java) by extensions ['python_setup_py']
[0.345s] Level 1:colcon.colcon_core.package_identification:_identify(env/opencv/install/share/java) by extension 'python_setup_py'
[0.345s] Level 1:colcon.colcon_core.package_identification:_identify(env/opencv/install/share/java/opencv4) by extensions ['ignore', 'ignore_ament_install']
[0.345s] Level 1:colcon.colcon_core.package_identification:_identify(env/opencv/install/share/java/opencv4) by extension 'ignore'
[0.345s] Level 1:colcon.colcon_core.package_identification:_identify(env/opencv/install/share/java/opencv4) by extension 'ignore_ament_install'
[0.345s] Level 1:colcon.colcon_core.package_identification:_identify(env/opencv/install/share/java/opencv4) by extensions ['colcon_pkg']
[0.345s] Level 1:colcon.colcon_core.package_identification:_identify(env/opencv/install/share/java/opencv4) by extension 'colcon_pkg'
[0.345s] Level 1:colcon.colcon_core.package_identification:_identify(env/opencv/install/share/java/opencv4) by extensions ['colcon_meta']
[0.345s] Level 1:colcon.colcon_core.package_identification:_identify(env/opencv/install/share/java/opencv4) by extension 'colcon_meta'
[0.345s] Level 1:colcon.colcon_core.package_identification:_identify(env/opencv/install/share/java/opencv4) by extensions ['ros']
[0.345s] Level 1:colcon.colcon_core.package_identification:_identify(env/opencv/install/share/java/opencv4) by extension 'ros'
[0.345s] Level 1:colcon.colcon_core.package_identification:_identify(env/opencv/install/share/java/opencv4) by extensions ['cmake', 'python']
[0.345s] Level 1:colcon.colcon_core.package_identification:_identify(env/opencv/install/share/java/opencv4) by extension 'cmake'
[0.345s] Level 1:colcon.colcon_core.package_identification:_identify(env/opencv/install/share/java/opencv4) by extension 'python'
[0.345s] Level 1:colcon.colcon_core.package_identification:_identify(env/opencv/install/share/java/opencv4) by extensions ['python_setup_py']
[0.345s] Level 1:colcon.colcon_core.package_identification:_identify(env/opencv/install/share/java/opencv4) by extension 'python_setup_py'
[0.345s] Level 1:colcon.colcon_core.package_identification:_identify(env/opencv/install/share/licenses) by extensions ['ignore', 'ignore_ament_install']
[0.345s] Level 1:colcon.colcon_core.package_identification:_identify(env/opencv/install/share/licenses) by extension 'ignore'
[0.345s] Level 1:colcon.colcon_core.package_identification:_identify(env/opencv/install/share/licenses) by extension 'ignore_ament_install'
[0.345s] Level 1:colcon.colcon_core.package_identification:_identify(env/opencv/install/share/licenses) by extensions ['colcon_pkg']
[0.345s] Level 1:colcon.colcon_core.package_identification:_identify(env/opencv/install/share/licenses) by extension 'colcon_pkg'
[0.345s] Level 1:colcon.colcon_core.package_identification:_identify(env/opencv/install/share/licenses) by extensions ['colcon_meta']
[0.345s] Level 1:colcon.colcon_core.package_identification:_identify(env/opencv/install/share/licenses) by extension 'colcon_meta'
[0.345s] Level 1:colcon.colcon_core.package_identification:_identify(env/opencv/install/share/licenses) by extensions ['ros']
[0.345s] Level 1:colcon.colcon_core.package_identification:_identify(env/opencv/install/share/licenses) by extension 'ros'
[0.345s] Level 1:colcon.colcon_core.package_identification:_identify(env/opencv/install/share/licenses) by extensions ['cmake', 'python']
[0.345s] Level 1:colcon.colcon_core.package_identification:_identify(env/opencv/install/share/licenses) by extension 'cmake'
[0.345s] Level 1:colcon.colcon_core.package_identification:_identify(env/opencv/install/share/licenses) by extension 'python'
[0.345s] Level 1:colcon.colcon_core.package_identification:_identify(env/opencv/install/share/licenses) by extensions ['python_setup_py']
[0.345s] Level 1:colcon.colcon_core.package_identification:_identify(env/opencv/install/share/licenses) by extension 'python_setup_py'
[0.345s] Level 1:colcon.colcon_core.package_identification:_identify(env/opencv/install/share/licenses/opencv4) by extensions ['ignore', 'ignore_ament_install']
[0.345s] Level 1:colcon.colcon_core.package_identification:_identify(env/opencv/install/share/licenses/opencv4) by extension 'ignore'
[0.345s] Level 1:colcon.colcon_core.package_identification:_identify(env/opencv/install/share/licenses/opencv4) by extension 'ignore_ament_install'
[0.345s] Level 1:colcon.colcon_core.package_identification:_identify(env/opencv/install/share/licenses/opencv4) by extensions ['colcon_pkg']
[0.345s] Level 1:colcon.colcon_core.package_identification:_identify(env/opencv/install/share/licenses/opencv4) by extension 'colcon_pkg'
[0.345s] Level 1:colcon.colcon_core.package_identification:_identify(env/opencv/install/share/licenses/opencv4) by extensions ['colcon_meta']
[0.345s] Level 1:colcon.colcon_core.package_identification:_identify(env/opencv/install/share/licenses/opencv4) by extension 'colcon_meta'
[0.345s] Level 1:colcon.colcon_core.package_identification:_identify(env/opencv/install/share/licenses/opencv4) by extensions ['ros']
[0.345s] Level 1:colcon.colcon_core.package_identification:_identify(env/opencv/install/share/licenses/opencv4) by extension 'ros'
[0.346s] Level 1:colcon.colcon_core.package_identification:_identify(env/opencv/install/share/licenses/opencv4) by extensions ['cmake', 'python']
[0.346s] Level 1:colcon.colcon_core.package_identification:_identify(env/opencv/install/share/licenses/opencv4) by extension 'cmake'
[0.346s] Level 1:colcon.colcon_core.package_identification:_identify(env/opencv/install/share/licenses/opencv4) by extension 'python'
[0.346s] Level 1:colcon.colcon_core.package_identification:_identify(env/opencv/install/share/licenses/opencv4) by extensions ['python_setup_py']
[0.346s] Level 1:colcon.colcon_core.package_identification:_identify(env/opencv/install/share/licenses/opencv4) by extension 'python_setup_py'
[0.346s] Level 1:colcon.colcon_core.package_identification:_identify(env/opencv/install/share/opencv4) by extensions ['ignore', 'ignore_ament_install']
[0.346s] Level 1:colcon.colcon_core.package_identification:_identify(env/opencv/install/share/opencv4) by extension 'ignore'
[0.346s] Level 1:colcon.colcon_core.package_identification:_identify(env/opencv/install/share/opencv4) by extension 'ignore_ament_install'
[0.346s] Level 1:colcon.colcon_core.package_identification:_identify(env/opencv/install/share/opencv4) by extensions ['colcon_pkg']
[0.346s] Level 1:colcon.colcon_core.package_identification:_identify(env/opencv/install/share/opencv4) by extension 'colcon_pkg'
[0.346s] Level 1:colcon.colcon_core.package_identification:_identify(env/opencv/install/share/opencv4) by extensions ['colcon_meta']
[0.346s] Level 1:colcon.colcon_core.package_identification:_identify(env/opencv/install/share/opencv4) by extension 'colcon_meta'
[0.346s] Level 1:colcon.colcon_core.package_identification:_identify(env/opencv/install/share/opencv4) by extensions ['ros']
[0.346s] Level 1:colcon.colcon_core.package_identification:_identify(env/opencv/install/share/opencv4) by extension 'ros'
[0.346s] Level 1:colcon.colcon_core.package_identification:_identify(env/opencv/install/share/opencv4) by extensions ['cmake', 'python']
[0.346s] Level 1:colcon.colcon_core.package_identification:_identify(env/opencv/install/share/opencv4) by extension 'cmake'
[0.346s] Level 1:colcon.colcon_core.package_identification:_identify(env/opencv/install/share/opencv4) by extension 'python'
[0.346s] Level 1:colcon.colcon_core.package_identification:_identify(env/opencv/install/share/opencv4) by extensions ['python_setup_py']
[0.346s] Level 1:colcon.colcon_core.package_identification:_identify(env/opencv/install/share/opencv4) by extension 'python_setup_py'
[0.346s] Level 1:colcon.colcon_core.package_identification:_identify(env/opencv/install/share/opencv4/haarcascades) by extensions ['ignore', 'ignore_ament_install']
[0.346s] Level 1:colcon.colcon_core.package_identification:_identify(env/opencv/install/share/opencv4/haarcascades) by extension 'ignore'
[0.346s] Level 1:colcon.colcon_core.package_identification:_identify(env/opencv/install/share/opencv4/haarcascades) by extension 'ignore_ament_install'
[0.346s] Level 1:colcon.colcon_core.package_identification:_identify(env/opencv/install/share/opencv4/haarcascades) by extensions ['colcon_pkg']
[0.346s] Level 1:colcon.colcon_core.package_identification:_identify(env/opencv/install/share/opencv4/haarcascades) by extension 'colcon_pkg'
[0.346s] Level 1:colcon.colcon_core.package_identification:_identify(env/opencv/install/share/opencv4/haarcascades) by extensions ['colcon_meta']
[0.346s] Level 1:colcon.colcon_core.package_identification:_identify(env/opencv/install/share/opencv4/haarcascades) by extension 'colcon_meta'
[0.346s] Level 1:colcon.colcon_core.package_identification:_identify(env/opencv/install/share/opencv4/haarcascades) by extensions ['ros']
[0.346s] Level 1:colcon.colcon_core.package_identification:_identify(env/opencv/install/share/opencv4/haarcascades) by extension 'ros'
[0.346s] Level 1:colcon.colcon_core.package_identification:_identify(env/opencv/install/share/opencv4/haarcascades) by extensions ['cmake', 'python']
[0.346s] Level 1:colcon.colcon_core.package_identification:_identify(env/opencv/install/share/opencv4/haarcascades) by extension 'cmake'
[0.346s] Level 1:colcon.colcon_core.package_identification:_identify(env/opencv/install/share/opencv4/haarcascades) by extension 'python'
[0.346s] Level 1:colcon.colcon_core.package_identification:_identify(env/opencv/install/share/opencv4/haarcascades) by extensions ['python_setup_py']
[0.346s] Level 1:colcon.colcon_core.package_identification:_identify(env/opencv/install/share/opencv4/haarcascades) by extension 'python_setup_py'
[0.346s] Level 1:colcon.colcon_core.package_identification:_identify(env/opencv/install/share/opencv4/lbpcascades) by extensions ['ignore', 'ignore_ament_install']
[0.346s] Level 1:colcon.colcon_core.package_identification:_identify(env/opencv/install/share/opencv4/lbpcascades) by extension 'ignore'
[0.346s] Level 1:colcon.colcon_core.package_identification:_identify(env/opencv/install/share/opencv4/lbpcascades) by extension 'ignore_ament_install'
[0.346s] Level 1:colcon.colcon_core.package_identification:_identify(env/opencv/install/share/opencv4/lbpcascades) by extensions ['colcon_pkg']
[0.346s] Level 1:colcon.colcon_core.package_identification:_identify(env/opencv/install/share/opencv4/lbpcascades) by extension 'colcon_pkg'
[0.346s] Level 1:colcon.colcon_core.package_identification:_identify(env/opencv/install/share/opencv4/lbpcascades) by extensions ['colcon_meta']
[0.346s] Level 1:colcon.colcon_core.package_identification:_identify(env/opencv/install/share/opencv4/lbpcascades) by extension 'colcon_meta'
[0.346s] Level 1:colcon.colcon_core.package_identification:_identify(env/opencv/install/share/opencv4/lbpcascades) by extensions ['ros']
[0.346s] Level 1:colcon.colcon_core.package_identification:_identify(env/opencv/install/share/opencv4/lbpcascades) by extension 'ros'
[0.346s] Level 1:colcon.colcon_core.package_identification:_identify(env/opencv/install/share/opencv4/lbpcascades) by extensions ['cmake', 'python']
[0.346s] Level 1:colcon.colcon_core.package_identification:_identify(env/opencv/install/share/opencv4/lbpcascades) by extension 'cmake'
[0.346s] Level 1:colcon.colcon_core.package_identification:_identify(env/opencv/install/share/opencv4/lbpcascades) by extension 'python'
[0.346s] Level 1:colcon.colcon_core.package_identification:_identify(env/opencv/install/share/opencv4/lbpcascades) by extensions ['python_setup_py']
[0.347s] Level 1:colcon.colcon_core.package_identification:_identify(env/opencv/install/share/opencv4/lbpcascades) by extension 'python_setup_py'
[0.347s] Level 1:colcon.colcon_core.package_identification:_identify(env/opencv/install/share/opencv4/quality) by extensions ['ignore', 'ignore_ament_install']
[0.347s] Level 1:colcon.colcon_core.package_identification:_identify(env/opencv/install/share/opencv4/quality) by extension 'ignore'
[0.347s] Level 1:colcon.colcon_core.package_identification:_identify(env/opencv/install/share/opencv4/quality) by extension 'ignore_ament_install'
[0.347s] Level 1:colcon.colcon_core.package_identification:_identify(env/opencv/install/share/opencv4/quality) by extensions ['colcon_pkg']
[0.347s] Level 1:colcon.colcon_core.package_identification:_identify(env/opencv/install/share/opencv4/quality) by extension 'colcon_pkg'
[0.347s] Level 1:colcon.colcon_core.package_identification:_identify(env/opencv/install/share/opencv4/quality) by extensions ['colcon_meta']
[0.347s] Level 1:colcon.colcon_core.package_identification:_identify(env/opencv/install/share/opencv4/quality) by extension 'colcon_meta'
[0.347s] Level 1:colcon.colcon_core.package_identification:_identify(env/opencv/install/share/opencv4/quality) by extensions ['ros']
[0.347s] Level 1:colcon.colcon_core.package_identification:_identify(env/opencv/install/share/opencv4/quality) by extension 'ros'
[0.347s] Level 1:colcon.colcon_core.package_identification:_identify(env/opencv/install/share/opencv4/quality) by extensions ['cmake', 'python']
[0.347s] Level 1:colcon.colcon_core.package_identification:_identify(env/opencv/install/share/opencv4/quality) by extension 'cmake'
[0.347s] Level 1:colcon.colcon_core.package_identification:_identify(env/opencv/install/share/opencv4/quality) by extension 'python'
[0.347s] Level 1:colcon.colcon_core.package_identification:_identify(env/opencv/install/share/opencv4/quality) by extensions ['python_setup_py']
[0.347s] Level 1:colcon.colcon_core.package_identification:_identify(env/opencv/install/share/opencv4/quality) by extension 'python_setup_py'
[0.347s] Level 1:colcon.colcon_core.package_identification:_identify(image_cloud) by extensions ['ignore', 'ignore_ament_install']
[0.347s] Level 1:colcon.colcon_core.package_identification:_identify(image_cloud) by extension 'ignore'
[0.347s] Level 1:colcon.colcon_core.package_identification:_identify(image_cloud) by extension 'ignore_ament_install'
[0.347s] Level 1:colcon.colcon_core.package_identification:_identify(image_cloud) by extensions ['colcon_pkg']
[0.347s] Level 1:colcon.colcon_core.package_identification:_identify(image_cloud) by extension 'colcon_pkg'
[0.347s] Level 1:colcon.colcon_core.package_identification:_identify(image_cloud) by extensions ['colcon_meta']
[0.347s] Level 1:colcon.colcon_core.package_identification:_identify(image_cloud) by extension 'colcon_meta'
[0.347s] Level 1:colcon.colcon_core.package_identification:_identify(image_cloud) by extensions ['ros']
[0.347s] Level 1:colcon.colcon_core.package_identification:_identify(image_cloud) by extension 'ros'
[0.347s] Level 1:colcon.colcon_core.package_identification:_identify(image_cloud) by extensions ['cmake', 'python']
[0.347s] Level 1:colcon.colcon_core.package_identification:_identify(image_cloud) by extension 'cmake'
[0.347s] Level 1:colcon.colcon_core.package_identification:_identify(image_cloud) by extension 'python'
[0.347s] Level 1:colcon.colcon_core.package_identification:_identify(image_cloud) by extensions ['python_setup_py']
[0.347s] Level 1:colcon.colcon_core.package_identification:_identify(image_cloud) by extension 'python_setup_py'
[0.347s] Level 1:colcon.colcon_core.package_identification:_identify(install) by extensions ['ignore', 'ignore_ament_install']
[0.347s] Level 1:colcon.colcon_core.package_identification:_identify(install) by extension 'ignore'
[0.347s] Level 1:colcon.colcon_core.package_identification:_identify(install) ignored
[0.347s] Level 1:colcon.colcon_core.package_identification:_identify(log) by extensions ['ignore', 'ignore_ament_install']
[0.347s] Level 1:colcon.colcon_core.package_identification:_identify(log) by extension 'ignore'
[0.347s] Level 1:colcon.colcon_core.package_identification:_identify(log) ignored
[0.347s] Level 1:colcon.colcon_core.package_identification:_identify(models) by extensions ['ignore', 'ignore_ament_install']
[0.347s] Level 1:colcon.colcon_core.package_identification:_identify(models) by extension 'ignore'
[0.347s] Level 1:colcon.colcon_core.package_identification:_identify(models) by extension 'ignore_ament_install'
[0.347s] Level 1:colcon.colcon_core.package_identification:_identify(models) by extensions ['colcon_pkg']
[0.347s] Level 1:colcon.colcon_core.package_identification:_identify(models) by extension 'colcon_pkg'
[0.347s] Level 1:colcon.colcon_core.package_identification:_identify(models) by extensions ['colcon_meta']
[0.347s] Level 1:colcon.colcon_core.package_identification:_identify(models) by extension 'colcon_meta'
[0.347s] Level 1:colcon.colcon_core.package_identification:_identify(models) by extensions ['ros']
[0.348s] Level 1:colcon.colcon_core.package_identification:_identify(models) by extension 'ros'
[0.348s] Level 1:colcon.colcon_core.package_identification:_identify(models) by extensions ['cmake', 'python']
[0.348s] Level 1:colcon.colcon_core.package_identification:_identify(models) by extension 'cmake'
[0.348s] Level 1:colcon.colcon_core.package_identification:_identify(models) by extension 'python'
[0.348s] Level 1:colcon.colcon_core.package_identification:_identify(models) by extensions ['python_setup_py']
[0.348s] Level 1:colcon.colcon_core.package_identification:_identify(models) by extension 'python_setup_py'
[0.348s] Level 1:colcon.colcon_core.package_identification:_identify(src) by extensions ['ignore', 'ignore_ament_install']
[0.348s] Level 1:colcon.colcon_core.package_identification:_identify(src) by extension 'ignore'
[0.348s] Level 1:colcon.colcon_core.package_identification:_identify(src) by extension 'ignore_ament_install'
[0.348s] Level 1:colcon.colcon_core.package_identification:_identify(src) by extensions ['colcon_pkg']
[0.348s] Level 1:colcon.colcon_core.package_identification:_identify(src) by extension 'colcon_pkg'
[0.348s] Level 1:colcon.colcon_core.package_identification:_identify(src) by extensions ['colcon_meta']
[0.348s] Level 1:colcon.colcon_core.package_identification:_identify(src) by extension 'colcon_meta'
[0.348s] Level 1:colcon.colcon_core.package_identification:_identify(src) by extensions ['ros']
[0.348s] Level 1:colcon.colcon_core.package_identification:_identify(src) by extension 'ros'
[0.348s] Level 1:colcon.colcon_core.package_identification:_identify(src) by extensions ['cmake', 'python']
[0.348s] Level 1:colcon.colcon_core.package_identification:_identify(src) by extension 'cmake'
[0.348s] Level 1:colcon.colcon_core.package_identification:_identify(src) by extension 'python'
[0.348s] Level 1:colcon.colcon_core.package_identification:_identify(src) by extensions ['python_setup_py']
[0.348s] Level 1:colcon.colcon_core.package_identification:_identify(src) by extension 'python_setup_py'
[0.348s] Level 1:colcon.colcon_core.package_identification:_identify(src/camera_driver) by extensions ['ignore', 'ignore_ament_install']
[0.348s] Level 1:colcon.colcon_core.package_identification:_identify(src/camera_driver) by extension 'ignore'
[0.348s] Level 1:colcon.colcon_core.package_identification:_identify(src/camera_driver) by extension 'ignore_ament_install'
[0.348s] Level 1:colcon.colcon_core.package_identification:_identify(src/camera_driver) by extensions ['colcon_pkg']
[0.348s] Level 1:colcon.colcon_core.package_identification:_identify(src/camera_driver) by extension 'colcon_pkg'
[0.348s] Level 1:colcon.colcon_core.package_identification:_identify(src/camera_driver) by extensions ['colcon_meta']
[0.348s] Level 1:colcon.colcon_core.package_identification:_identify(src/camera_driver) by extension 'colcon_meta'
[0.348s] Level 1:colcon.colcon_core.package_identification:_identify(src/camera_driver) by extensions ['ros']
[0.348s] Level 1:colcon.colcon_core.package_identification:_identify(src/camera_driver) by extension 'ros'
[0.348s] Level 1:colcon.colcon_core.package_identification:_identify(src/camera_driver) by extensions ['cmake', 'python']
[0.348s] Level 1:colcon.colcon_core.package_identification:_identify(src/camera_driver) by extension 'cmake'
[0.348s] Level 1:colcon.colcon_core.package_identification:_identify(src/camera_driver) by extension 'python'
[0.348s] Level 1:colcon.colcon_core.package_identification:_identify(src/camera_driver) by extensions ['python_setup_py']
[0.348s] Level 1:colcon.colcon_core.package_identification:_identify(src/camera_driver) by extension 'python_setup_py'
[0.348s] Level 1:colcon.colcon_core.package_identification:_identify(src/camera_driver/dji_Action4_camera) by extensions ['ignore', 'ignore_ament_install']
[0.348s] Level 1:colcon.colcon_core.package_identification:_identify(src/camera_driver/dji_Action4_camera) by extension 'ignore'
[0.348s] Level 1:colcon.colcon_core.package_identification:_identify(src/camera_driver/dji_Action4_camera) by extension 'ignore_ament_install'
[0.348s] Level 1:colcon.colcon_core.package_identification:_identify(src/camera_driver/dji_Action4_camera) by extensions ['colcon_pkg']
[0.348s] Level 1:colcon.colcon_core.package_identification:_identify(src/camera_driver/dji_Action4_camera) by extension 'colcon_pkg'
[0.348s] Level 1:colcon.colcon_core.package_identification:_identify(src/camera_driver/dji_Action4_camera) by extensions ['colcon_meta']
[0.348s] Level 1:colcon.colcon_core.package_identification:_identify(src/camera_driver/dji_Action4_camera) by extension 'colcon_meta'
[0.348s] Level 1:colcon.colcon_core.package_identification:_identify(src/camera_driver/dji_Action4_camera) by extensions ['ros']
[0.348s] Level 1:colcon.colcon_core.package_identification:_identify(src/camera_driver/dji_Action4_camera) by extension 'ros'
[0.350s] DEBUG:colcon.colcon_core.package_identification:Package 'src/camera_driver/dji_Action4_camera' with type 'ros.ament_cmake' and name 'dji_action4_camera'
[0.350s] Level 1:colcon.colcon_core.package_identification:_identify(src/camera_driver/mindvision_camera) by extensions ['ignore', 'ignore_ament_install']
[0.351s] Level 1:colcon.colcon_core.package_identification:_identify(src/camera_driver/mindvision_camera) by extension 'ignore'
[0.351s] Level 1:colcon.colcon_core.package_identification:_identify(src/camera_driver/mindvision_camera) by extension 'ignore_ament_install'
[0.351s] Level 1:colcon.colcon_core.package_identification:_identify(src/camera_driver/mindvision_camera) by extensions ['colcon_pkg']
[0.351s] Level 1:colcon.colcon_core.package_identification:_identify(src/camera_driver/mindvision_camera) by extension 'colcon_pkg'
[0.351s] Level 1:colcon.colcon_core.package_identification:_identify(src/camera_driver/mindvision_camera) by extensions ['colcon_meta']
[0.351s] Level 1:colcon.colcon_core.package_identification:_identify(src/camera_driver/mindvision_camera) by extension 'colcon_meta'
[0.351s] Level 1:colcon.colcon_core.package_identification:_identify(src/camera_driver/mindvision_camera) by extensions ['ros']
[0.351s] Level 1:colcon.colcon_core.package_identification:_identify(src/camera_driver/mindvision_camera) by extension 'ros'
[0.351s] DEBUG:colcon.colcon_core.package_identification:Package 'src/camera_driver/mindvision_camera' with type 'ros.ament_cmake' and name 'mindvision_camera'
[0.351s] Level 1:colcon.colcon_core.package_identification:_identify(src/livox_ros2_driver) by extensions ['ignore', 'ignore_ament_install']
[0.351s] Level 1:colcon.colcon_core.package_identification:_identify(src/livox_ros2_driver) by extension 'ignore'
[0.351s] Level 1:colcon.colcon_core.package_identification:_identify(src/livox_ros2_driver) by extension 'ignore_ament_install'
[0.351s] Level 1:colcon.colcon_core.package_identification:_identify(src/livox_ros2_driver) by extensions ['colcon_pkg']
[0.351s] Level 1:colcon.colcon_core.package_identification:_identify(src/livox_ros2_driver) by extension 'colcon_pkg'
[0.351s] Level 1:colcon.colcon_core.package_identification:_identify(src/livox_ros2_driver) by extensions ['colcon_meta']
[0.351s] Level 1:colcon.colcon_core.package_identification:_identify(src/livox_ros2_driver) by extension 'colcon_meta'
[0.351s] Level 1:colcon.colcon_core.package_identification:_identify(src/livox_ros2_driver) by extensions ['ros']
[0.351s] Level 1:colcon.colcon_core.package_identification:_identify(src/livox_ros2_driver) by extension 'ros'
[0.352s] Level 1:colcon.colcon_core.package_identification:_identify(src/livox_ros2_driver) by extensions ['cmake', 'python']
[0.352s] Level 1:colcon.colcon_core.package_identification:_identify(src/livox_ros2_driver) by extension 'cmake'
[0.352s] Level 1:colcon.colcon_core.package_identification:_identify(src/livox_ros2_driver) by extension 'python'
[0.352s] Level 1:colcon.colcon_core.package_identification:_identify(src/livox_ros2_driver) by extensions ['python_setup_py']
[0.352s] Level 1:colcon.colcon_core.package_identification:_identify(src/livox_ros2_driver) by extension 'python_setup_py'
[0.352s] Level 1:colcon.colcon_core.package_identification:_identify(src/livox_ros2_driver/images) by extensions ['ignore', 'ignore_ament_install']
[0.352s] Level 1:colcon.colcon_core.package_identification:_identify(src/livox_ros2_driver/images) by extension 'ignore'
[0.352s] Level 1:colcon.colcon_core.package_identification:_identify(src/livox_ros2_driver/images) by extension 'ignore_ament_install'
[0.352s] Level 1:colcon.colcon_core.package_identification:_identify(src/livox_ros2_driver/images) by extensions ['colcon_pkg']
[0.352s] Level 1:colcon.colcon_core.package_identification:_identify(src/livox_ros2_driver/images) by extension 'colcon_pkg'
[0.352s] Level 1:colcon.colcon_core.package_identification:_identify(src/livox_ros2_driver/images) by extensions ['colcon_meta']
[0.352s] Level 1:colcon.colcon_core.package_identification:_identify(src/livox_ros2_driver/images) by extension 'colcon_meta'
[0.352s] Level 1:colcon.colcon_core.package_identification:_identify(src/livox_ros2_driver/images) by extensions ['ros']
[0.352s] Level 1:colcon.colcon_core.package_identification:_identify(src/livox_ros2_driver/images) by extension 'ros'
[0.352s] Level 1:colcon.colcon_core.package_identification:_identify(src/livox_ros2_driver/images) by extensions ['cmake', 'python']
[0.352s] Level 1:colcon.colcon_core.package_identification:_identify(src/livox_ros2_driver/images) by extension 'cmake'
[0.352s] Level 1:colcon.colcon_core.package_identification:_identify(src/livox_ros2_driver/images) by extension 'python'
[0.352s] Level 1:colcon.colcon_core.package_identification:_identify(src/livox_ros2_driver/images) by extensions ['python_setup_py']
[0.352s] Level 1:colcon.colcon_core.package_identification:_identify(src/livox_ros2_driver/images) by extension 'python_setup_py'
[0.352s] Level 1:colcon.colcon_core.package_identification:_identify(src/livox_ros2_driver/livox_interfaces) by extensions ['ignore', 'ignore_ament_install']
[0.352s] Level 1:colcon.colcon_core.package_identification:_identify(src/livox_ros2_driver/livox_interfaces) by extension 'ignore'
[0.352s] Level 1:colcon.colcon_core.package_identification:_identify(src/livox_ros2_driver/livox_interfaces) by extension 'ignore_ament_install'
[0.352s] Level 1:colcon.colcon_core.package_identification:_identify(src/livox_ros2_driver/livox_interfaces) by extensions ['colcon_pkg']
[0.352s] Level 1:colcon.colcon_core.package_identification:_identify(src/livox_ros2_driver/livox_interfaces) by extension 'colcon_pkg'
[0.352s] Level 1:colcon.colcon_core.package_identification:_identify(src/livox_ros2_driver/livox_interfaces) by extensions ['colcon_meta']
[0.352s] Level 1:colcon.colcon_core.package_identification:_identify(src/livox_ros2_driver/livox_interfaces) by extension 'colcon_meta'
[0.352s] Level 1:colcon.colcon_core.package_identification:_identify(src/livox_ros2_driver/livox_interfaces) by extensions ['ros']
[0.352s] Level 1:colcon.colcon_core.package_identification:_identify(src/livox_ros2_driver/livox_interfaces) by extension 'ros'
[0.352s] DEBUG:colcon.colcon_core.package_identification:Package 'src/livox_ros2_driver/livox_interfaces' with type 'ros.ament_cmake' and name 'livox_interfaces'
[0.352s] Level 1:colcon.colcon_core.package_identification:_identify(src/livox_ros2_driver/livox_ros2_driver) by extensions ['ignore', 'ignore_ament_install']
[0.353s] Level 1:colcon.colcon_core.package_identification:_identify(src/livox_ros2_driver/livox_ros2_driver) by extension 'ignore'
[0.353s] Level 1:colcon.colcon_core.package_identification:_identify(src/livox_ros2_driver/livox_ros2_driver) by extension 'ignore_ament_install'
[0.353s] Level 1:colcon.colcon_core.package_identification:_identify(src/livox_ros2_driver/livox_ros2_driver) by extensions ['colcon_pkg']
[0.353s] Level 1:colcon.colcon_core.package_identification:_identify(src/livox_ros2_driver/livox_ros2_driver) by extension 'colcon_pkg'
[0.353s] Level 1:colcon.colcon_core.package_identification:_identify(src/livox_ros2_driver/livox_ros2_driver) by extensions ['colcon_meta']
[0.353s] Level 1:colcon.colcon_core.package_identification:_identify(src/livox_ros2_driver/livox_ros2_driver) by extension 'colcon_meta'
[0.353s] Level 1:colcon.colcon_core.package_identification:_identify(src/livox_ros2_driver/livox_ros2_driver) by extensions ['ros']
[0.353s] Level 1:colcon.colcon_core.package_identification:_identify(src/livox_ros2_driver/livox_ros2_driver) by extension 'ros'
[0.354s] DEBUG:colcon.colcon_core.package_identification:Package 'src/livox_ros2_driver/livox_ros2_driver' with type 'ros.ament_cmake' and name 'livox_ros2_driver'
[0.354s] Level 1:colcon.colcon_core.package_identification:_identify(src/livox_ros2_driver/livox_sdk_vendor) by extensions ['ignore', 'ignore_ament_install']
[0.354s] Level 1:colcon.colcon_core.package_identification:_identify(src/livox_ros2_driver/livox_sdk_vendor) by extension 'ignore'
[0.354s] Level 1:colcon.colcon_core.package_identification:_identify(src/livox_ros2_driver/livox_sdk_vendor) by extension 'ignore_ament_install'
[0.354s] Level 1:colcon.colcon_core.package_identification:_identify(src/livox_ros2_driver/livox_sdk_vendor) by extensions ['colcon_pkg']
[0.354s] Level 1:colcon.colcon_core.package_identification:_identify(src/livox_ros2_driver/livox_sdk_vendor) by extension 'colcon_pkg'
[0.354s] Level 1:colcon.colcon_core.package_identification:_identify(src/livox_ros2_driver/livox_sdk_vendor) by extensions ['colcon_meta']
[0.354s] Level 1:colcon.colcon_core.package_identification:_identify(src/livox_ros2_driver/livox_sdk_vendor) by extension 'colcon_meta'
[0.354s] Level 1:colcon.colcon_core.package_identification:_identify(src/livox_ros2_driver/livox_sdk_vendor) by extensions ['ros']
[0.354s] Level 1:colcon.colcon_core.package_identification:_identify(src/livox_ros2_driver/livox_sdk_vendor) by extension 'ros'
[0.355s] DEBUG:colcon.colcon_core.package_identification:Package 'src/livox_ros2_driver/livox_sdk_vendor' with type 'ros.ament_cmake' and name 'livox_sdk_vendor'
[0.355s] Level 1:colcon.colcon_core.package_identification:_identify(src/onnx_test) by extensions ['ignore', 'ignore_ament_install']
[0.355s] Level 1:colcon.colcon_core.package_identification:_identify(src/onnx_test) by extension 'ignore'
[0.355s] Level 1:colcon.colcon_core.package_identification:_identify(src/onnx_test) by extension 'ignore_ament_install'
[0.355s] Level 1:colcon.colcon_core.package_identification:_identify(src/onnx_test) by extensions ['colcon_pkg']
[0.355s] Level 1:colcon.colcon_core.package_identification:_identify(src/onnx_test) by extension 'colcon_pkg'
[0.355s] Level 1:colcon.colcon_core.package_identification:_identify(src/onnx_test) by extensions ['colcon_meta']
[0.355s] Level 1:colcon.colcon_core.package_identification:_identify(src/onnx_test) by extension 'colcon_meta'
[0.355s] Level 1:colcon.colcon_core.package_identification:_identify(src/onnx_test) by extensions ['ros']
[0.355s] Level 1:colcon.colcon_core.package_identification:_identify(src/onnx_test) by extension 'ros'
[0.355s] DEBUG:colcon.colcon_core.package_identification:Package 'src/onnx_test' with type 'ros.ament_cmake' and name 'onnx_test'
[0.355s] Level 1:colcon.colcon_core.package_identification:_identify(src/radar_station) by extensions ['ignore', 'ignore_ament_install']
[0.355s] Level 1:colcon.colcon_core.package_identification:_identify(src/radar_station) by extension 'ignore'
[0.355s] Level 1:colcon.colcon_core.package_identification:_identify(src/radar_station) by extension 'ignore_ament_install'
[0.355s] Level 1:colcon.colcon_core.package_identification:_identify(src/radar_station) by extensions ['colcon_pkg']
[0.355s] Level 1:colcon.colcon_core.package_identification:_identify(src/radar_station) by extension 'colcon_pkg'
[0.355s] Level 1:colcon.colcon_core.package_identification:_identify(src/radar_station) by extensions ['colcon_meta']
[0.355s] Level 1:colcon.colcon_core.package_identification:_identify(src/radar_station) by extension 'colcon_meta'
[0.355s] Level 1:colcon.colcon_core.package_identification:_identify(src/radar_station) by extensions ['ros']
[0.355s] Level 1:colcon.colcon_core.package_identification:_identify(src/radar_station) by extension 'ros'
[0.356s] DEBUG:colcon.colcon_core.package_identification:Package 'src/radar_station' with type 'ros.ament_cmake' and name 'radar_station'
[0.356s] Level 1:colcon.colcon_core.package_identification:_identify(src/radar_station_bringup) by extensions ['ignore', 'ignore_ament_install']
[0.356s] Level 1:colcon.colcon_core.package_identification:_identify(src/radar_station_bringup) by extension 'ignore'
[0.356s] Level 1:colcon.colcon_core.package_identification:_identify(src/radar_station_bringup) by extension 'ignore_ament_install'
[0.356s] Level 1:colcon.colcon_core.package_identification:_identify(src/radar_station_bringup) by extensions ['colcon_pkg']
[0.356s] Level 1:colcon.colcon_core.package_identification:_identify(src/radar_station_bringup) by extension 'colcon_pkg'
[0.356s] Level 1:colcon.colcon_core.package_identification:_identify(src/radar_station_bringup) by extensions ['colcon_meta']
[0.356s] Level 1:colcon.colcon_core.package_identification:_identify(src/radar_station_bringup) by extension 'colcon_meta'
[0.356s] Level 1:colcon.colcon_core.package_identification:_identify(src/radar_station_bringup) by extensions ['ros']
[0.356s] Level 1:colcon.colcon_core.package_identification:_identify(src/radar_station_bringup) by extension 'ros'
[0.356s] DEBUG:colcon.colcon_core.package_identification:Package 'src/radar_station_bringup' with type 'ros.ament_cmake' and name 'radar_station_bringup'
[0.356s] Level 1:colcon.colcon_core.package_identification:_identify(src/radar_station_interface) by extensions ['ignore', 'ignore_ament_install']
[0.356s] Level 1:colcon.colcon_core.package_identification:_identify(src/radar_station_interface) by extension 'ignore'
[0.356s] Level 1:colcon.colcon_core.package_identification:_identify(src/radar_station_interface) by extension 'ignore_ament_install'
[0.356s] Level 1:colcon.colcon_core.package_identification:_identify(src/radar_station_interface) by extensions ['colcon_pkg']
[0.357s] Level 1:colcon.colcon_core.package_identification:_identify(src/radar_station_interface) by extension 'colcon_pkg'
[0.357s] Level 1:colcon.colcon_core.package_identification:_identify(src/radar_station_interface) by extensions ['colcon_meta']
[0.357s] Level 1:colcon.colcon_core.package_identification:_identify(src/radar_station_interface) by extension 'colcon_meta'
[0.357s] Level 1:colcon.colcon_core.package_identification:_identify(src/radar_station_interface) by extensions ['ros']
[0.357s] Level 1:colcon.colcon_core.package_identification:_identify(src/radar_station_interface) by extension 'ros'
[0.357s] DEBUG:colcon.colcon_core.package_identification:Package 'src/radar_station_interface' with type 'ros.ament_cmake' and name 'radar_station_interface'
[0.357s] Level 1:colcon.colcon_core.package_identification:_identify(src/radar_world_calib) by extensions ['ignore', 'ignore_ament_install']
[0.357s] Level 1:colcon.colcon_core.package_identification:_identify(src/radar_world_calib) by extension 'ignore'
[0.357s] Level 1:colcon.colcon_core.package_identification:_identify(src/radar_world_calib) by extension 'ignore_ament_install'
[0.357s] Level 1:colcon.colcon_core.package_identification:_identify(src/radar_world_calib) by extensions ['colcon_pkg']
[0.357s] Level 1:colcon.colcon_core.package_identification:_identify(src/radar_world_calib) by extension 'colcon_pkg'
[0.357s] Level 1:colcon.colcon_core.package_identification:_identify(src/radar_world_calib) by extensions ['colcon_meta']
[0.357s] Level 1:colcon.colcon_core.package_identification:_identify(src/radar_world_calib) by extension 'colcon_meta'
[0.357s] Level 1:colcon.colcon_core.package_identification:_identify(src/radar_world_calib) by extensions ['ros']
[0.357s] Level 1:colcon.colcon_core.package_identification:_identify(src/radar_world_calib) by extension 'ros'
[0.363s] DEBUG:colcon.colcon_core.package_identification:Package 'src/radar_world_calib' with type 'ros.ament_cmake' and name 'radar_world_calib'
[0.363s] Level 1:colcon.colcon_core.package_identification:_identify(src/robot_tracker) by extensions ['ignore', 'ignore_ament_install']
[0.363s] Level 1:colcon.colcon_core.package_identification:_identify(src/robot_tracker) by extension 'ignore'
[0.363s] Level 1:colcon.colcon_core.package_identification:_identify(src/robot_tracker) by extension 'ignore_ament_install'
[0.363s] Level 1:colcon.colcon_core.package_identification:_identify(src/robot_tracker) by extensions ['colcon_pkg']
[0.363s] Level 1:colcon.colcon_core.package_identification:_identify(src/robot_tracker) by extension 'colcon_pkg'
[0.363s] Level 1:colcon.colcon_core.package_identification:_identify(src/robot_tracker) by extensions ['colcon_meta']
[0.363s] Level 1:colcon.colcon_core.package_identification:_identify(src/robot_tracker) by extension 'colcon_meta'
[0.363s] Level 1:colcon.colcon_core.package_identification:_identify(src/robot_tracker) by extensions ['ros']
[0.363s] Level 1:colcon.colcon_core.package_identification:_identify(src/robot_tracker) by extension 'ros'
[0.364s] DEBUG:colcon.colcon_core.package_identification:Package 'src/robot_tracker' with type 'ros.ament_cmake' and name 'robot_tracker'
[0.364s] Level 1:colcon.colcon_core.package_discovery:discover_packages(recursive) using defaults
[0.364s] Level 1:colcon.colcon_core.package_discovery:discover_packages(ignore) discover
[0.364s] Level 1:colcon.colcon_core.package_discovery:discover_packages(ignore) using defaults
[0.364s] Level 1:colcon.colcon_core.package_discovery:discover_packages(path) discover
[0.364s] Level 1:colcon.colcon_core.package_discovery:discover_packages(path) using defaults
[0.381s] Level 1:colcon.colcon_core.package_discovery:discover_packages(prefix_path) check parameters
[0.381s] Level 1:colcon.colcon_core.package_discovery:discover_packages(prefix_path) discover
[0.383s] DEBUG:colcon.colcon_installed_package_information.package_discovery:Found 2 installed packages in /home/spaaaaace/env/MicroROS-Agent/microros_ws/install
[0.384s] DEBUG:colcon.colcon_installed_package_information.package_discovery:Found 390 installed packages in /opt/ros/humble
[0.386s] Level 1:colcon.colcon_core.package_discovery:discover_packages(prefix_path) using defaults
[0.414s] Level 5:colcon.colcon_core.verb:set package 'dji_action4_camera' build argument 'cmake_args' from command line to 'None'
[0.414s] Level 5:colcon.colcon_core.verb:set package 'dji_action4_camera' build argument 'cmake_target' from command line to 'None'
[0.414s] Level 5:colcon.colcon_core.verb:set package 'dji_action4_camera' build argument 'cmake_target_skip_unavailable' from command line to 'False'
[0.414s] Level 5:colcon.colcon_core.verb:set package 'dji_action4_camera' build argument 'cmake_clean_cache' from command line to 'False'
[0.414s] Level 5:colcon.colcon_core.verb:set package 'dji_action4_camera' build argument 'cmake_clean_first' from command line to 'False'
[0.414s] Level 5:colcon.colcon_core.verb:set package 'dji_action4_camera' build argument 'cmake_force_configure' from command line to 'False'
[0.414s] Level 5:colcon.colcon_core.verb:set package 'dji_action4_camera' build argument 'ament_cmake_args' from command line to 'None'
[0.414s] Level 5:colcon.colcon_core.verb:set package 'dji_action4_camera' build argument 'catkin_cmake_args' from command line to 'None'
[0.414s] Level 5:colcon.colcon_core.verb:set package 'dji_action4_camera' build argument 'catkin_skip_building_tests' from command line to 'False'
[0.414s] DEBUG:colcon.colcon_core.verb:Building package 'dji_action4_camera' with the following arguments: {'ament_cmake_args': None, 'build_base': '/home/spaaaaace/Code/mid70/2025_radar_station/build/dji_action4_camera', 'catkin_cmake_args': None, 'catkin_skip_building_tests': False, 'cmake_args': None, 'cmake_clean_cache': False, 'cmake_clean_first': False, 'cmake_force_configure': False, 'cmake_target': None, 'cmake_target_skip_unavailable': False, 'install_base': '/home/spaaaaace/Code/mid70/2025_radar_station/install/dji_action4_camera', 'merge_install': False, 'path': '/home/spaaaaace/Code/mid70/2025_radar_station/src/camera_driver/dji_Action4_camera', 'symlink_install': False, 'test_result_base': None}
[0.414s] Level 5:colcon.colcon_core.verb:set package 'livox_interfaces' build argument 'cmake_args' from command line to 'None'
[0.414s] Level 5:colcon.colcon_core.verb:set package 'livox_interfaces' build argument 'cmake_target' from command line to 'None'
[0.414s] Level 5:colcon.colcon_core.verb:set package 'livox_interfaces' build argument 'cmake_target_skip_unavailable' from command line to 'False'
[0.414s] Level 5:colcon.colcon_core.verb:set package 'livox_interfaces' build argument 'cmake_clean_cache' from command line to 'False'
[0.414s] Level 5:colcon.colcon_core.verb:set package 'livox_interfaces' build argument 'cmake_clean_first' from command line to 'False'
[0.414s] Level 5:colcon.colcon_core.verb:set package 'livox_interfaces' build argument 'cmake_force_configure' from command line to 'False'
[0.414s] Level 5:colcon.colcon_core.verb:set package 'livox_interfaces' build argument 'ament_cmake_args' from command line to 'None'
[0.414s] Level 5:colcon.colcon_core.verb:set package 'livox_interfaces' build argument 'catkin_cmake_args' from command line to 'None'
[0.414s] Level 5:colcon.colcon_core.verb:set package 'livox_interfaces' build argument 'catkin_skip_building_tests' from command line to 'False'
[0.414s] DEBUG:colcon.colcon_core.verb:Building package 'livox_interfaces' with the following arguments: {'ament_cmake_args': None, 'build_base': '/home/spaaaaace/Code/mid70/2025_radar_station/build/livox_interfaces', 'catkin_cmake_args': None, 'catkin_skip_building_tests': False, 'cmake_args': None, 'cmake_clean_cache': False, 'cmake_clean_first': False, 'cmake_force_configure': False, 'cmake_target': None, 'cmake_target_skip_unavailable': False, 'install_base': '/home/spaaaaace/Code/mid70/2025_radar_station/install/livox_interfaces', 'merge_install': False, 'path': '/home/spaaaaace/Code/mid70/2025_radar_station/src/livox_ros2_driver/livox_interfaces', 'symlink_install': False, 'test_result_base': None}
[0.414s] Level 5:colcon.colcon_core.verb:set package 'livox_sdk_vendor' build argument 'cmake_args' from command line to 'None'
[0.414s] Level 5:colcon.colcon_core.verb:set package 'livox_sdk_vendor' build argument 'cmake_target' from command line to 'None'
[0.414s] Level 5:colcon.colcon_core.verb:set package 'livox_sdk_vendor' build argument 'cmake_target_skip_unavailable' from command line to 'False'
[0.414s] Level 5:colcon.colcon_core.verb:set package 'livox_sdk_vendor' build argument 'cmake_clean_cache' from command line to 'False'
[0.414s] Level 5:colcon.colcon_core.verb:set package 'livox_sdk_vendor' build argument 'cmake_clean_first' from command line to 'False'
[0.414s] Level 5:colcon.colcon_core.verb:set package 'livox_sdk_vendor' build argument 'cmake_force_configure' from command line to 'False'
[0.414s] Level 5:colcon.colcon_core.verb:set package 'livox_sdk_vendor' build argument 'ament_cmake_args' from command line to 'None'
[0.414s] Level 5:colcon.colcon_core.verb:set package 'livox_sdk_vendor' build argument 'catkin_cmake_args' from command line to 'None'
[0.414s] Level 5:colcon.colcon_core.verb:set package 'livox_sdk_vendor' build argument 'catkin_skip_building_tests' from command line to 'False'
[0.414s] DEBUG:colcon.colcon_core.verb:Building package 'livox_sdk_vendor' with the following arguments: {'ament_cmake_args': None, 'build_base': '/home/spaaaaace/Code/mid70/2025_radar_station/build/livox_sdk_vendor', 'catkin_cmake_args': None, 'catkin_skip_building_tests': False, 'cmake_args': None, 'cmake_clean_cache': False, 'cmake_clean_first': False, 'cmake_force_configure': False, 'cmake_target': None, 'cmake_target_skip_unavailable': False, 'install_base': '/home/spaaaaace/Code/mid70/2025_radar_station/install/livox_sdk_vendor', 'merge_install': False, 'path': '/home/spaaaaace/Code/mid70/2025_radar_station/src/livox_ros2_driver/livox_sdk_vendor', 'symlink_install': False, 'test_result_base': None}
[0.415s] Level 5:colcon.colcon_core.verb:set package 'mindvision_camera' build argument 'cmake_args' from command line to 'None'
[0.415s] Level 5:colcon.colcon_core.verb:set package 'mindvision_camera' build argument 'cmake_target' from command line to 'None'
[0.415s] Level 5:colcon.colcon_core.verb:set package 'mindvision_camera' build argument 'cmake_target_skip_unavailable' from command line to 'False'
[0.415s] Level 5:colcon.colcon_core.verb:set package 'mindvision_camera' build argument 'cmake_clean_cache' from command line to 'False'
[0.415s] Level 5:colcon.colcon_core.verb:set package 'mindvision_camera' build argument 'cmake_clean_first' from command line to 'False'
[0.415s] Level 5:colcon.colcon_core.verb:set package 'mindvision_camera' build argument 'cmake_force_configure' from command line to 'False'
[0.415s] Level 5:colcon.colcon_core.verb:set package 'mindvision_camera' build argument 'ament_cmake_args' from command line to 'None'
[0.415s] Level 5:colcon.colcon_core.verb:set package 'mindvision_camera' build argument 'catkin_cmake_args' from command line to 'None'
[0.415s] Level 5:colcon.colcon_core.verb:set package 'mindvision_camera' build argument 'catkin_skip_building_tests' from command line to 'False'
[0.415s] DEBUG:colcon.colcon_core.verb:Building package 'mindvision_camera' with the following arguments: {'ament_cmake_args': None, 'build_base': '/home/spaaaaace/Code/mid70/2025_radar_station/build/mindvision_camera', 'catkin_cmake_args': None, 'catkin_skip_building_tests': False, 'cmake_args': None, 'cmake_clean_cache': False, 'cmake_clean_first': False, 'cmake_force_configure': False, 'cmake_target': None, 'cmake_target_skip_unavailable': False, 'install_base': '/home/spaaaaace/Code/mid70/2025_radar_station/install/mindvision_camera', 'merge_install': False, 'path': '/home/spaaaaace/Code/mid70/2025_radar_station/src/camera_driver/mindvision_camera', 'symlink_install': False, 'test_result_base': None}
[0.415s] Level 5:colcon.colcon_core.verb:set package 'onnx_test' build argument 'cmake_args' from command line to 'None'
[0.415s] Level 5:colcon.colcon_core.verb:set package 'onnx_test' build argument 'cmake_target' from command line to 'None'
[0.415s] Level 5:colcon.colcon_core.verb:set package 'onnx_test' build argument 'cmake_target_skip_unavailable' from command line to 'False'
[0.415s] Level 5:colcon.colcon_core.verb:set package 'onnx_test' build argument 'cmake_clean_cache' from command line to 'False'
[0.415s] Level 5:colcon.colcon_core.verb:set package 'onnx_test' build argument 'cmake_clean_first' from command line to 'False'
[0.415s] Level 5:colcon.colcon_core.verb:set package 'onnx_test' build argument 'cmake_force_configure' from command line to 'False'
[0.415s] Level 5:colcon.colcon_core.verb:set package 'onnx_test' build argument 'ament_cmake_args' from command line to 'None'
[0.415s] Level 5:colcon.colcon_core.verb:set package 'onnx_test' build argument 'catkin_cmake_args' from command line to 'None'
[0.415s] Level 5:colcon.colcon_core.verb:set package 'onnx_test' build argument 'catkin_skip_building_tests' from command line to 'False'
[0.415s] DEBUG:colcon.colcon_core.verb:Building package 'onnx_test' with the following arguments: {'ament_cmake_args': None, 'build_base': '/home/spaaaaace/Code/mid70/2025_radar_station/build/onnx_test', 'catkin_cmake_args': None, 'catkin_skip_building_tests': False, 'cmake_args': None, 'cmake_clean_cache': False, 'cmake_clean_first': False, 'cmake_force_configure': False, 'cmake_target': None, 'cmake_target_skip_unavailable': False, 'install_base': '/home/spaaaaace/Code/mid70/2025_radar_station/install/onnx_test', 'merge_install': False, 'path': '/home/spaaaaace/Code/mid70/2025_radar_station/src/onnx_test', 'symlink_install': False, 'test_result_base': None}
[0.415s] Level 5:colcon.colcon_core.verb:set package 'radar_station_bringup' build argument 'cmake_args' from command line to 'None'
[0.415s] Level 5:colcon.colcon_core.verb:set package 'radar_station_bringup' build argument 'cmake_target' from command line to 'None'
[0.415s] Level 5:colcon.colcon_core.verb:set package 'radar_station_bringup' build argument 'cmake_target_skip_unavailable' from command line to 'False'
[0.415s] Level 5:colcon.colcon_core.verb:set package 'radar_station_bringup' build argument 'cmake_clean_cache' from command line to 'False'
[0.415s] Level 5:colcon.colcon_core.verb:set package 'radar_station_bringup' build argument 'cmake_clean_first' from command line to 'False'
[0.415s] Level 5:colcon.colcon_core.verb:set package 'radar_station_bringup' build argument 'cmake_force_configure' from command line to 'False'
[0.415s] Level 5:colcon.colcon_core.verb:set package 'radar_station_bringup' build argument 'ament_cmake_args' from command line to 'None'
[0.415s] Level 5:colcon.colcon_core.verb:set package 'radar_station_bringup' build argument 'catkin_cmake_args' from command line to 'None'
[0.415s] Level 5:colcon.colcon_core.verb:set package 'radar_station_bringup' build argument 'catkin_skip_building_tests' from command line to 'False'
[0.415s] DEBUG:colcon.colcon_core.verb:Building package 'radar_station_bringup' with the following arguments: {'ament_cmake_args': None, 'build_base': '/home/spaaaaace/Code/mid70/2025_radar_station/build/radar_station_bringup', 'catkin_cmake_args': None, 'catkin_skip_building_tests': False, 'cmake_args': None, 'cmake_clean_cache': False, 'cmake_clean_first': False, 'cmake_force_configure': False, 'cmake_target': None, 'cmake_target_skip_unavailable': False, 'install_base': '/home/spaaaaace/Code/mid70/2025_radar_station/install/radar_station_bringup', 'merge_install': False, 'path': '/home/spaaaaace/Code/mid70/2025_radar_station/src/radar_station_bringup', 'symlink_install': False, 'test_result_base': None}
[0.415s] Level 5:colcon.colcon_core.verb:set package 'radar_station_interface' build argument 'cmake_args' from command line to 'None'
[0.415s] Level 5:colcon.colcon_core.verb:set package 'radar_station_interface' build argument 'cmake_target' from command line to 'None'
[0.415s] Level 5:colcon.colcon_core.verb:set package 'radar_station_interface' build argument 'cmake_target_skip_unavailable' from command line to 'False'
[0.416s] Level 5:colcon.colcon_core.verb:set package 'radar_station_interface' build argument 'cmake_clean_cache' from command line to 'False'
[0.416s] Level 5:colcon.colcon_core.verb:set package 'radar_station_interface' build argument 'cmake_clean_first' from command line to 'False'
[0.416s] Level 5:colcon.colcon_core.verb:set package 'radar_station_interface' build argument 'cmake_force_configure' from command line to 'False'
[0.416s] Level 5:colcon.colcon_core.verb:set package 'radar_station_interface' build argument 'ament_cmake_args' from command line to 'None'
[0.416s] Level 5:colcon.colcon_core.verb:set package 'radar_station_interface' build argument 'catkin_cmake_args' from command line to 'None'
[0.416s] Level 5:colcon.colcon_core.verb:set package 'radar_station_interface' build argument 'catkin_skip_building_tests' from command line to 'False'
[0.416s] DEBUG:colcon.colcon_core.verb:Building package 'radar_station_interface' with the following arguments: {'ament_cmake_args': None, 'build_base': '/home/spaaaaace/Code/mid70/2025_radar_station/build/radar_station_interface', 'catkin_cmake_args': None, 'catkin_skip_building_tests': False, 'cmake_args': None, 'cmake_clean_cache': False, 'cmake_clean_first': False, 'cmake_force_configure': False, 'cmake_target': None, 'cmake_target_skip_unavailable': False, 'install_base': '/home/spaaaaace/Code/mid70/2025_radar_station/install/radar_station_interface', 'merge_install': False, 'path': '/home/spaaaaace/Code/mid70/2025_radar_station/src/radar_station_interface', 'symlink_install': False, 'test_result_base': None}
[0.416s] Level 5:colcon.colcon_core.verb:set package 'radar_world_calib' build argument 'cmake_args' from command line to 'None'
[0.416s] Level 5:colcon.colcon_core.verb:set package 'radar_world_calib' build argument 'cmake_target' from command line to 'None'
[0.416s] Level 5:colcon.colcon_core.verb:set package 'radar_world_calib' build argument 'cmake_target_skip_unavailable' from command line to 'False'
[0.416s] Level 5:colcon.colcon_core.verb:set package 'radar_world_calib' build argument 'cmake_clean_cache' from command line to 'False'
[0.416s] Level 5:colcon.colcon_core.verb:set package 'radar_world_calib' build argument 'cmake_clean_first' from command line to 'False'
[0.416s] Level 5:colcon.colcon_core.verb:set package 'radar_world_calib' build argument 'cmake_force_configure' from command line to 'False'
[0.416s] Level 5:colcon.colcon_core.verb:set package 'radar_world_calib' build argument 'ament_cmake_args' from command line to 'None'
[0.416s] Level 5:colcon.colcon_core.verb:set package 'radar_world_calib' build argument 'catkin_cmake_args' from command line to 'None'
[0.416s] Level 5:colcon.colcon_core.verb:set package 'radar_world_calib' build argument 'catkin_skip_building_tests' from command line to 'False'
[0.416s] DEBUG:colcon.colcon_core.verb:Building package 'radar_world_calib' with the following arguments: {'ament_cmake_args': None, 'build_base': '/home/spaaaaace/Code/mid70/2025_radar_station/build/radar_world_calib', 'catkin_cmake_args': None, 'catkin_skip_building_tests': False, 'cmake_args': None, 'cmake_clean_cache': False, 'cmake_clean_first': False, 'cmake_force_configure': False, 'cmake_target': None, 'cmake_target_skip_unavailable': False, 'install_base': '/home/spaaaaace/Code/mid70/2025_radar_station/install/radar_world_calib', 'merge_install': False, 'path': '/home/spaaaaace/Code/mid70/2025_radar_station/src/radar_world_calib', 'symlink_install': False, 'test_result_base': None}
[0.416s] Level 5:colcon.colcon_core.verb:set package 'livox_ros2_driver' build argument 'cmake_args' from command line to 'None'
[0.416s] Level 5:colcon.colcon_core.verb:set package 'livox_ros2_driver' build argument 'cmake_target' from command line to 'None'
[0.416s] Level 5:colcon.colcon_core.verb:set package 'livox_ros2_driver' build argument 'cmake_target_skip_unavailable' from command line to 'False'
[0.416s] Level 5:colcon.colcon_core.verb:set package 'livox_ros2_driver' build argument 'cmake_clean_cache' from command line to 'False'
[0.416s] Level 5:colcon.colcon_core.verb:set package 'livox_ros2_driver' build argument 'cmake_clean_first' from command line to 'False'
[0.416s] Level 5:colcon.colcon_core.verb:set package 'livox_ros2_driver' build argument 'cmake_force_configure' from command line to 'False'
[0.416s] Level 5:colcon.colcon_core.verb:set package 'livox_ros2_driver' build argument 'ament_cmake_args' from command line to 'None'
[0.416s] Level 5:colcon.colcon_core.verb:set package 'livox_ros2_driver' build argument 'catkin_cmake_args' from command line to 'None'
[0.416s] Level 5:colcon.colcon_core.verb:set package 'livox_ros2_driver' build argument 'catkin_skip_building_tests' from command line to 'False'
[0.416s] DEBUG:colcon.colcon_core.verb:Building package 'livox_ros2_driver' with the following arguments: {'ament_cmake_args': None, 'build_base': '/home/spaaaaace/Code/mid70/2025_radar_station/build/livox_ros2_driver', 'catkin_cmake_args': None, 'catkin_skip_building_tests': False, 'cmake_args': None, 'cmake_clean_cache': False, 'cmake_clean_first': False, 'cmake_force_configure': False, 'cmake_target': None, 'cmake_target_skip_unavailable': False, 'install_base': '/home/spaaaaace/Code/mid70/2025_radar_station/install/livox_ros2_driver', 'merge_install': False, 'path': '/home/spaaaaace/Code/mid70/2025_radar_station/src/livox_ros2_driver/livox_ros2_driver', 'symlink_install': False, 'test_result_base': None}
[0.416s] Level 5:colcon.colcon_core.verb:set package 'radar_station' build argument 'cmake_args' from command line to 'None'
[0.416s] Level 5:colcon.colcon_core.verb:set package 'radar_station' build argument 'cmake_target' from command line to 'None'
[0.416s] Level 5:colcon.colcon_core.verb:set package 'radar_station' build argument 'cmake_target_skip_unavailable' from command line to 'False'
[0.416s] Level 5:colcon.colcon_core.verb:set package 'radar_station' build argument 'cmake_clean_cache' from command line to 'False'
[0.416s] Level 5:colcon.colcon_core.verb:set package 'radar_station' build argument 'cmake_clean_first' from command line to 'False'
[0.416s] Level 5:colcon.colcon_core.verb:set package 'radar_station' build argument 'cmake_force_configure' from command line to 'False'
[0.416s] Level 5:colcon.colcon_core.verb:set package 'radar_station' build argument 'ament_cmake_args' from command line to 'None'
[0.416s] Level 5:colcon.colcon_core.verb:set package 'radar_station' build argument 'catkin_cmake_args' from command line to 'None'
[0.416s] Level 5:colcon.colcon_core.verb:set package 'radar_station' build argument 'catkin_skip_building_tests' from command line to 'False'
[0.416s] DEBUG:colcon.colcon_core.verb:Building package 'radar_station' with the following arguments: {'ament_cmake_args': None, 'build_base': '/home/spaaaaace/Code/mid70/2025_radar_station/build/radar_station', 'catkin_cmake_args': None, 'catkin_skip_building_tests': False, 'cmake_args': None, 'cmake_clean_cache': False, 'cmake_clean_first': False, 'cmake_force_configure': False, 'cmake_target': None, 'cmake_target_skip_unavailable': False, 'install_base': '/home/spaaaaace/Code/mid70/2025_radar_station/install/radar_station', 'merge_install': False, 'path': '/home/spaaaaace/Code/mid70/2025_radar_station/src/radar_station', 'symlink_install': False, 'test_result_base': None}
[0.417s] Level 5:colcon.colcon_core.verb:set package 'robot_tracker' build argument 'cmake_args' from command line to 'None'
[0.417s] Level 5:colcon.colcon_core.verb:set package 'robot_tracker' build argument 'cmake_target' from command line to 'None'
[0.417s] Level 5:colcon.colcon_core.verb:set package 'robot_tracker' build argument 'cmake_target_skip_unavailable' from command line to 'False'
[0.417s] Level 5:colcon.colcon_core.verb:set package 'robot_tracker' build argument 'cmake_clean_cache' from command line to 'False'
[0.417s] Level 5:colcon.colcon_core.verb:set package 'robot_tracker' build argument 'cmake_clean_first' from command line to 'False'
[0.417s] Level 5:colcon.colcon_core.verb:set package 'robot_tracker' build argument 'cmake_force_configure' from command line to 'False'
[0.417s] Level 5:colcon.colcon_core.verb:set package 'robot_tracker' build argument 'ament_cmake_args' from command line to 'None'
[0.417s] Level 5:colcon.colcon_core.verb:set package 'robot_tracker' build argument 'catkin_cmake_args' from command line to 'None'
[0.417s] Level 5:colcon.colcon_core.verb:set package 'robot_tracker' build argument 'catkin_skip_building_tests' from command line to 'False'
[0.417s] DEBUG:colcon.colcon_core.verb:Building package 'robot_tracker' with the following arguments: {'ament_cmake_args': None, 'build_base': '/home/spaaaaace/Code/mid70/2025_radar_station/build/robot_tracker', 'catkin_cmake_args': None, 'catkin_skip_building_tests': False, 'cmake_args': None, 'cmake_clean_cache': False, 'cmake_clean_first': False, 'cmake_force_configure': False, 'cmake_target': None, 'cmake_target_skip_unavailable': False, 'install_base': '/home/spaaaaace/Code/mid70/2025_radar_station/install/robot_tracker', 'merge_install': False, 'path': '/home/spaaaaace/Code/mid70/2025_radar_station/src/robot_tracker', 'symlink_install': False, 'test_result_base': None}
[0.417s] INFO:colcon.colcon_core.executor:Executing jobs using 'parallel' executor
[0.417s] DEBUG:colcon.colcon_parallel_executor.executor.parallel:run_until_complete
[0.418s] INFO:colcon.colcon_ros.task.ament_cmake.build:Building ROS package in '/home/spaaaaace/Code/mid70/2025_radar_station/src/radar_station_interface' with build type 'ament_cmake'
[0.418s] INFO:colcon.colcon_cmake.task.cmake.build:Building CMake package in '/home/spaaaaace/Code/mid70/2025_radar_station/src/radar_station_interface'
[0.420s] INFO:colcon.colcon_core.plugin_system:Skipping extension 'colcon_core.shell.bat': Not used on non-Windows systems
[0.421s] INFO:colcon.colcon_core.shell:Skip shell extension 'powershell' for command environment: Not usable outside of PowerShell
[0.421s] DEBUG:colcon.colcon_core.shell:Skip shell extension 'dsv' for command environment
[0.423s] INFO:colcon.colcon_ros.task.ament_cmake.build:Building ROS package in '/home/spaaaaace/Code/mid70/2025_radar_station/src/livox_ros2_driver/livox_interfaces' with build type 'ament_cmake'
[0.423s] INFO:colcon.colcon_cmake.task.cmake.build:Building CMake package in '/home/spaaaaace/Code/mid70/2025_radar_station/src/livox_ros2_driver/livox_interfaces'
[0.423s] INFO:colcon.colcon_core.shell:Skip shell extension 'powershell' for command environment: Not usable outside of PowerShell
[0.423s] DEBUG:colcon.colcon_core.shell:Skip shell extension 'dsv' for command environment
[0.425s] INFO:colcon.colcon_ros.task.ament_cmake.build:Building ROS package in '/home/spaaaaace/Code/mid70/2025_radar_station/src/livox_ros2_driver/livox_sdk_vendor' with build type 'ament_cmake'
[0.426s] INFO:colcon.colcon_cmake.task.cmake.build:Building CMake package in '/home/spaaaaace/Code/mid70/2025_radar_station/src/livox_ros2_driver/livox_sdk_vendor'
[0.426s] INFO:colcon.colcon_core.shell:Skip shell extension 'powershell' for command environment: Not usable outside of PowerShell
[0.426s] DEBUG:colcon.colcon_core.shell:Skip shell extension 'dsv' for command environment
[0.428s] INFO:colcon.colcon_ros.task.ament_cmake.build:Building ROS package in '/home/spaaaaace/Code/mid70/2025_radar_station/src/camera_driver/dji_Action4_camera' with build type 'ament_cmake'
[0.428s] INFO:colcon.colcon_cmake.task.cmake.build:Building CMake package in '/home/spaaaaace/Code/mid70/2025_radar_station/src/camera_driver/dji_Action4_camera'
[0.428s] INFO:colcon.colcon_core.shell:Skip shell extension 'powershell' for command environment: Not usable outside of PowerShell
[0.428s] DEBUG:colcon.colcon_core.shell:Skip shell extension 'dsv' for command environment
[0.430s] INFO:colcon.colcon_ros.task.ament_cmake.build:Building ROS package in '/home/spaaaaace/Code/mid70/2025_radar_station/src/camera_driver/mindvision_camera' with build type 'ament_cmake'
[0.430s] INFO:colcon.colcon_cmake.task.cmake.build:Building CMake package in '/home/spaaaaace/Code/mid70/2025_radar_station/src/camera_driver/mindvision_camera'
[0.430s] INFO:colcon.colcon_core.shell:Skip shell extension 'powershell' for command environment: Not usable outside of PowerShell
[0.430s] DEBUG:colcon.colcon_core.shell:Skip shell extension 'dsv' for command environment
[0.432s] INFO:colcon.colcon_ros.task.ament_cmake.build:Building ROS package in '/home/spaaaaace/Code/mid70/2025_radar_station/src/onnx_test' with build type 'ament_cmake'
[0.432s] INFO:colcon.colcon_cmake.task.cmake.build:Building CMake package in '/home/spaaaaace/Code/mid70/2025_radar_station/src/onnx_test'
[0.432s] INFO:colcon.colcon_core.shell:Skip shell extension 'powershell' for command environment: Not usable outside of PowerShell
[0.432s] DEBUG:colcon.colcon_core.shell:Skip shell extension 'dsv' for command environment
[0.434s] INFO:colcon.colcon_ros.task.ament_cmake.build:Building ROS package in '/home/spaaaaace/Code/mid70/2025_radar_station/src/radar_station_bringup' with build type 'ament_cmake'
[0.434s] INFO:colcon.colcon_cmake.task.cmake.build:Building CMake package in '/home/spaaaaace/Code/mid70/2025_radar_station/src/radar_station_bringup'
[0.434s] INFO:colcon.colcon_core.shell:Skip shell extension 'powershell' for command environment: Not usable outside of PowerShell
[0.434s] DEBUG:colcon.colcon_core.shell:Skip shell extension 'dsv' for command environment
[0.436s] INFO:colcon.colcon_ros.task.ament_cmake.build:Building ROS package in '/home/spaaaaace/Code/mid70/2025_radar_station/src/radar_world_calib' with build type 'ament_cmake'
[0.436s] INFO:colcon.colcon_cmake.task.cmake.build:Building CMake package in '/home/spaaaaace/Code/mid70/2025_radar_station/src/radar_world_calib'
[0.436s] INFO:colcon.colcon_core.shell:Skip shell extension 'powershell' for command environment: Not usable outside of PowerShell
[0.436s] DEBUG:colcon.colcon_core.shell:Skip shell extension 'dsv' for command environment
[0.442s] DEBUG:colcon.colcon_core.event_handler.log_command:Invoking command in '/home/spaaaaace/Code/mid70/2025_radar_station/build/radar_station_interface': CMAKE_PREFIX_PATH=${CMAKE_PREFIX_PATH}:/opt/ros/humble CONDA_PROMPT_MODIFIER=(vision) /usr/local/bin/cmake --build /home/spaaaaace/Code/mid70/2025_radar_station/build/radar_station_interface -- -j22 -l22
[0.445s] DEBUG:colcon.colcon_core.event_handler.log_command:Invoking command in '/home/spaaaaace/Code/mid70/2025_radar_station/build/livox_interfaces': CMAKE_PREFIX_PATH=${CMAKE_PREFIX_PATH}:/opt/ros/humble CONDA_PROMPT_MODIFIER=(vision) /usr/local/bin/cmake --build /home/spaaaaace/Code/mid70/2025_radar_station/build/livox_interfaces -- -j22 -l22
[0.447s] DEBUG:colcon.colcon_core.event_handler.log_command:Invoking command in '/home/spaaaaace/Code/mid70/2025_radar_station/build/livox_sdk_vendor': CMAKE_PREFIX_PATH=${CMAKE_PREFIX_PATH}:/opt/ros/humble CONDA_PROMPT_MODIFIER=(vision) /usr/local/bin/cmake --build /home/spaaaaace/Code/mid70/2025_radar_station/build/livox_sdk_vendor -- -j22 -l22
[0.450s] DEBUG:colcon.colcon_core.event_handler.log_command:Invoking command in '/home/spaaaaace/Code/mid70/2025_radar_station/build/dji_action4_camera': CMAKE_PREFIX_PATH=${CMAKE_PREFIX_PATH}:/opt/ros/humble CONDA_PROMPT_MODIFIER=(vision) /usr/local/bin/cmake --build /home/spaaaaace/Code/mid70/2025_radar_station/build/dji_action4_camera -- -j22 -l22
[0.453s] DEBUG:colcon.colcon_core.event_handler.log_command:Invoking command in '/home/spaaaaace/Code/mid70/2025_radar_station/build/mindvision_camera': CMAKE_PREFIX_PATH=${CMAKE_PREFIX_PATH}:/opt/ros/humble CONDA_PROMPT_MODIFIER=(vision) /usr/local/bin/cmake --build /home/spaaaaace/Code/mid70/2025_radar_station/build/mindvision_camera -- -j22 -l22
[0.456s] DEBUG:colcon.colcon_core.event_handler.log_command:Invoking command in '/home/spaaaaace/Code/mid70/2025_radar_station/build/onnx_test': CMAKE_PREFIX_PATH=${CMAKE_PREFIX_PATH}:/opt/ros/humble CONDA_PROMPT_MODIFIER=(vision) /usr/local/bin/cmake /home/spaaaaace/Code/mid70/2025_radar_station/src/onnx_test -DCMAKE_INSTALL_PREFIX=/home/spaaaaace/Code/mid70/2025_radar_station/install/onnx_test
[0.459s] DEBUG:colcon.colcon_core.event_handler.log_command:Invoking command in '/home/spaaaaace/Code/mid70/2025_radar_station/build/radar_station_bringup': CMAKE_PREFIX_PATH=${CMAKE_PREFIX_PATH}:/opt/ros/humble CONDA_PROMPT_MODIFIER=(vision) /usr/local/bin/cmake --build /home/spaaaaace/Code/mid70/2025_radar_station/build/radar_station_bringup -- -j22 -l22
[0.466s] DEBUG:colcon.colcon_core.event_handler.log_command:Invoking command in '/home/spaaaaace/Code/mid70/2025_radar_station/build/radar_world_calib': CMAKE_PREFIX_PATH=${CMAKE_PREFIX_PATH}:/opt/ros/humble CONDA_PROMPT_MODIFIER=(vision) /usr/local/bin/cmake --build /home/spaaaaace/Code/mid70/2025_radar_station/build/radar_world_calib -- -j22 -l22
[0.467s] DEBUG:colcon.colcon_core.event_handler.log_command:Invoked command in '/home/spaaaaace/Code/mid70/2025_radar_station/build/radar_station_bringup' returned '0': CMAKE_PREFIX_PATH=${CMAKE_PREFIX_PATH}:/opt/ros/humble CONDA_PROMPT_MODIFIER=(vision) /usr/local/bin/cmake --build /home/spaaaaace/Code/mid70/2025_radar_station/build/radar_station_bringup -- -j22 -l22
[0.487s] DEBUG:colcon.colcon_core.event_handler.log_command:Invoking command in '/home/spaaaaace/Code/mid70/2025_radar_station/build/radar_station_bringup': CMAKE_PREFIX_PATH=${CMAKE_PREFIX_PATH}:/opt/ros/humble CONDA_PROMPT_MODIFIER=(vision) /usr/local/bin/cmake --install /home/spaaaaace/Code/mid70/2025_radar_station/build/radar_station_bringup
[0.490s] DEBUG:colcon.colcon_core.event_handler.log_command:Invoked command in '/home/spaaaaace/Code/mid70/2025_radar_station/build/dji_action4_camera' returned '0': CMAKE_PREFIX_PATH=${CMAKE_PREFIX_PATH}:/opt/ros/humble CONDA_PROMPT_MODIFIER=(vision) /usr/local/bin/cmake --build /home/spaaaaace/Code/mid70/2025_radar_station/build/dji_action4_camera -- -j22 -l22
[0.492s] Level 1:colcon.colcon_core.environment:create_environment_scripts_only(radar_station_bringup)
[0.493s] DEBUG:colcon.colcon_core.event_handler.log_command:Invoked command in '/home/spaaaaace/Code/mid70/2025_radar_station/build/radar_station_bringup' returned '0': CMAKE_PREFIX_PATH=${CMAKE_PREFIX_PATH}:/opt/ros/humble CONDA_PROMPT_MODIFIER=(vision) /usr/local/bin/cmake --install /home/spaaaaace/Code/mid70/2025_radar_station/build/radar_station_bringup
[0.499s] Level 1:colcon.colcon_core.environment:checking '/home/spaaaaace/Code/mid70/2025_radar_station/install/radar_station_bringup' for CMake module files
[0.500s] Level 1:colcon.colcon_core.environment:checking '/home/spaaaaace/Code/mid70/2025_radar_station/install/radar_station_bringup' for CMake config files
[0.500s] Level 1:colcon.colcon_core.shell:create_environment_hook('radar_station_bringup', 'cmake_prefix_path')
[0.500s] INFO:colcon.colcon_core.shell:Creating environment hook '/home/spaaaaace/Code/mid70/2025_radar_station/install/radar_station_bringup/share/radar_station_bringup/hook/cmake_prefix_path.ps1'
[0.501s] INFO:colcon.colcon_core.shell:Creating environment descriptor '/home/spaaaaace/Code/mid70/2025_radar_station/install/radar_station_bringup/share/radar_station_bringup/hook/cmake_prefix_path.dsv'
[0.502s] INFO:colcon.colcon_core.shell:Creating environment hook '/home/spaaaaace/Code/mid70/2025_radar_station/install/radar_station_bringup/share/radar_station_bringup/hook/cmake_prefix_path.sh'
[0.503s] Level 1:colcon.colcon_core.environment:checking '/home/spaaaaace/Code/mid70/2025_radar_station/install/radar_station_bringup/bin'
[0.503s] Level 1:colcon.colcon_core.environment:checking '/home/spaaaaace/Code/mid70/2025_radar_station/install/radar_station_bringup/lib/pkgconfig/radar_station_bringup.pc'
[0.504s] Level 1:colcon.colcon_core.environment:checking '/home/spaaaaace/Code/mid70/2025_radar_station/install/radar_station_bringup/lib/python3.10/site-packages'
[0.504s] Level 1:colcon.colcon_core.environment:checking '/home/spaaaaace/Code/mid70/2025_radar_station/install/radar_station_bringup/bin'
[0.505s] INFO:colcon.colcon_core.shell:Creating package script '/home/spaaaaace/Code/mid70/2025_radar_station/install/radar_station_bringup/share/radar_station_bringup/package.ps1'
[0.506s] INFO:colcon.colcon_core.shell:Creating package descriptor '/home/spaaaaace/Code/mid70/2025_radar_station/install/radar_station_bringup/share/radar_station_bringup/package.dsv'
[0.506s] INFO:colcon.colcon_core.shell:Creating package script '/home/spaaaaace/Code/mid70/2025_radar_station/install/radar_station_bringup/share/radar_station_bringup/package.sh'
[0.507s] INFO:colcon.colcon_core.shell:Creating package script '/home/spaaaaace/Code/mid70/2025_radar_station/install/radar_station_bringup/share/radar_station_bringup/package.bash'
[0.509s] INFO:colcon.colcon_core.shell:Creating package script '/home/spaaaaace/Code/mid70/2025_radar_station/install/radar_station_bringup/share/radar_station_bringup/package.zsh'
[0.510s] Level 1:colcon.colcon_core.environment:create_file_with_runtime_dependencies(/home/spaaaaace/Code/mid70/2025_radar_station/install/radar_station_bringup/share/colcon-core/packages/radar_station_bringup)
[0.511s] DEBUG:colcon.colcon_core.event_handler.log_command:Invoked command in '/home/spaaaaace/Code/mid70/2025_radar_station/build/mindvision_camera' returned '0': CMAKE_PREFIX_PATH=${CMAKE_PREFIX_PATH}:/opt/ros/humble CONDA_PROMPT_MODIFIER=(vision) /usr/local/bin/cmake --build /home/spaaaaace/Code/mid70/2025_radar_station/build/mindvision_camera -- -j22 -l22
[0.514s] DEBUG:colcon.colcon_core.event_handler.log_command:Invoked command in '/home/spaaaaace/Code/mid70/2025_radar_station/build/radar_world_calib' returned '0': CMAKE_PREFIX_PATH=${CMAKE_PREFIX_PATH}:/opt/ros/humble CONDA_PROMPT_MODIFIER=(vision) /usr/local/bin/cmake --build /home/spaaaaace/Code/mid70/2025_radar_station/build/radar_world_calib -- -j22 -l22
[0.517s] DEBUG:colcon.colcon_core.event_handler.log_command:Invoking command in '/home/spaaaaace/Code/mid70/2025_radar_station/build/dji_action4_camera': CMAKE_PREFIX_PATH=${CMAKE_PREFIX_PATH}:/opt/ros/humble CONDA_PROMPT_MODIFIER=(vision) /usr/local/bin/cmake --install /home/spaaaaace/Code/mid70/2025_radar_station/build/dji_action4_camera
[0.522s] Level 1:colcon.colcon_core.environment:create_environment_scripts_only(radar_station_bringup)
[0.522s] Level 1:colcon.colcon_core.environment:checking '/home/spaaaaace/Code/mid70/2025_radar_station/install/radar_station_bringup' for CMake module files
[0.522s] Level 1:colcon.colcon_core.environment:checking '/home/spaaaaace/Code/mid70/2025_radar_station/install/radar_station_bringup' for CMake config files
[0.523s] Level 1:colcon.colcon_core.shell:create_environment_hook('radar_station_bringup', 'cmake_prefix_path')
[0.523s] INFO:colcon.colcon_core.shell:Creating environment hook '/home/spaaaaace/Code/mid70/2025_radar_station/install/radar_station_bringup/share/radar_station_bringup/hook/cmake_prefix_path.ps1'
[0.523s] INFO:colcon.colcon_core.shell:Creating environment descriptor '/home/spaaaaace/Code/mid70/2025_radar_station/install/radar_station_bringup/share/radar_station_bringup/hook/cmake_prefix_path.dsv'
[0.523s] INFO:colcon.colcon_core.shell:Creating environment hook '/home/spaaaaace/Code/mid70/2025_radar_station/install/radar_station_bringup/share/radar_station_bringup/hook/cmake_prefix_path.sh'
[0.524s] Level 1:colcon.colcon_core.environment:checking '/home/spaaaaace/Code/mid70/2025_radar_station/install/radar_station_bringup/bin'
[0.524s] Level 1:colcon.colcon_core.environment:checking '/home/spaaaaace/Code/mid70/2025_radar_station/install/radar_station_bringup/lib/pkgconfig/radar_station_bringup.pc'
[0.524s] Level 1:colcon.colcon_core.environment:checking '/home/spaaaaace/Code/mid70/2025_radar_station/install/radar_station_bringup/lib/python3.10/site-packages'
[0.524s] Level 1:colcon.colcon_core.environment:checking '/home/spaaaaace/Code/mid70/2025_radar_station/install/radar_station_bringup/bin'
[0.524s] INFO:colcon.colcon_core.shell:Creating package script '/home/spaaaaace/Code/mid70/2025_radar_station/install/radar_station_bringup/share/radar_station_bringup/package.ps1'
[0.525s] INFO:colcon.colcon_core.shell:Creating package descriptor '/home/spaaaaace/Code/mid70/2025_radar_station/install/radar_station_bringup/share/radar_station_bringup/package.dsv'
[0.525s] INFO:colcon.colcon_core.shell:Creating package script '/home/spaaaaace/Code/mid70/2025_radar_station/install/radar_station_bringup/share/radar_station_bringup/package.sh'
[0.525s] INFO:colcon.colcon_core.shell:Creating package script '/home/spaaaaace/Code/mid70/2025_radar_station/install/radar_station_bringup/share/radar_station_bringup/package.bash'
[0.525s] INFO:colcon.colcon_core.shell:Creating package script '/home/spaaaaace/Code/mid70/2025_radar_station/install/radar_station_bringup/share/radar_station_bringup/package.zsh'
[0.526s] Level 1:colcon.colcon_core.environment:create_file_with_runtime_dependencies(/home/spaaaaace/Code/mid70/2025_radar_station/install/radar_station_bringup/share/colcon-core/packages/radar_station_bringup)
[0.526s] Level 1:colcon.colcon_core.environment:create_environment_scripts_only(dji_action4_camera)
[0.526s] Level 1:colcon.colcon_core.environment:checking '/home/spaaaaace/Code/mid70/2025_radar_station/install/dji_action4_camera' for CMake module files
[0.527s] DEBUG:colcon.colcon_core.event_handler.log_command:Invoked command in '/home/spaaaaace/Code/mid70/2025_radar_station/build/dji_action4_camera' returned '0': CMAKE_PREFIX_PATH=${CMAKE_PREFIX_PATH}:/opt/ros/humble CONDA_PROMPT_MODIFIER=(vision) /usr/local/bin/cmake --install /home/spaaaaace/Code/mid70/2025_radar_station/build/dji_action4_camera
[0.527s] Level 1:colcon.colcon_core.environment:checking '/home/spaaaaace/Code/mid70/2025_radar_station/install/dji_action4_camera' for CMake config files
[0.527s] Level 1:colcon.colcon_core.shell:create_environment_hook('dji_action4_camera', 'cmake_prefix_path')
[0.527s] INFO:colcon.colcon_core.shell:Creating environment hook '/home/spaaaaace/Code/mid70/2025_radar_station/install/dji_action4_camera/share/dji_action4_camera/hook/cmake_prefix_path.ps1'
[0.528s] INFO:colcon.colcon_core.shell:Creating environment descriptor '/home/spaaaaace/Code/mid70/2025_radar_station/install/dji_action4_camera/share/dji_action4_camera/hook/cmake_prefix_path.dsv'
[0.528s] INFO:colcon.colcon_core.shell:Creating environment hook '/home/spaaaaace/Code/mid70/2025_radar_station/install/dji_action4_camera/share/dji_action4_camera/hook/cmake_prefix_path.sh'
[0.528s] Level 1:colcon.colcon_core.environment:checking '/home/spaaaaace/Code/mid70/2025_radar_station/install/dji_action4_camera/lib'
[0.528s] Level 1:colcon.colcon_core.environment:checking '/home/spaaaaace/Code/mid70/2025_radar_station/install/dji_action4_camera/bin'
[0.528s] Level 1:colcon.colcon_core.environment:checking '/home/spaaaaace/Code/mid70/2025_radar_station/install/dji_action4_camera/lib/pkgconfig/dji_action4_camera.pc'
[0.528s] Level 1:colcon.colcon_core.environment:checking '/home/spaaaaace/Code/mid70/2025_radar_station/install/dji_action4_camera/lib/python3.10/site-packages'
[0.529s] Level 1:colcon.colcon_core.environment:checking '/home/spaaaaace/Code/mid70/2025_radar_station/install/dji_action4_camera/bin'
[0.529s] INFO:colcon.colcon_core.shell:Creating package script '/home/spaaaaace/Code/mid70/2025_radar_station/install/dji_action4_camera/share/dji_action4_camera/package.ps1'
[0.529s] INFO:colcon.colcon_core.shell:Creating package descriptor '/home/spaaaaace/Code/mid70/2025_radar_station/install/dji_action4_camera/share/dji_action4_camera/package.dsv'
[0.529s] INFO:colcon.colcon_core.shell:Creating package script '/home/spaaaaace/Code/mid70/2025_radar_station/install/dji_action4_camera/share/dji_action4_camera/package.sh'
[0.529s] INFO:colcon.colcon_core.shell:Creating package script '/home/spaaaaace/Code/mid70/2025_radar_station/install/dji_action4_camera/share/dji_action4_camera/package.bash'
[0.530s] INFO:colcon.colcon_core.shell:Creating package script '/home/spaaaaace/Code/mid70/2025_radar_station/install/dji_action4_camera/share/dji_action4_camera/package.zsh'
[0.530s] Level 1:colcon.colcon_core.environment:create_file_with_runtime_dependencies(/home/spaaaaace/Code/mid70/2025_radar_station/install/dji_action4_camera/share/colcon-core/packages/dji_action4_camera)
[0.532s] DEBUG:colcon.colcon_core.event_handler.log_command:Invoking command in '/home/spaaaaace/Code/mid70/2025_radar_station/build/mindvision_camera': CMAKE_PREFIX_PATH=${CMAKE_PREFIX_PATH}:/opt/ros/humble CONDA_PROMPT_MODIFIER=(vision) /usr/local/bin/cmake --install /home/spaaaaace/Code/mid70/2025_radar_station/build/mindvision_camera
[0.534s] DEBUG:colcon.colcon_core.event_handler.log_command:Invoking command in '/home/spaaaaace/Code/mid70/2025_radar_station/build/radar_world_calib': CMAKE_PREFIX_PATH=${CMAKE_PREFIX_PATH}:/opt/ros/humble CONDA_PROMPT_MODIFIER=(vision) /usr/local/bin/cmake --install /home/spaaaaace/Code/mid70/2025_radar_station/build/radar_world_calib
[0.539s] Level 1:colcon.colcon_core.environment:create_environment_scripts_only(mindvision_camera)
[0.539s] Level 1:colcon.colcon_core.environment:checking '/home/spaaaaace/Code/mid70/2025_radar_station/install/mindvision_camera' for CMake module files
[0.539s] DEBUG:colcon.colcon_core.event_handler.log_command:Invoked command in '/home/spaaaaace/Code/mid70/2025_radar_station/build/mindvision_camera' returned '0': CMAKE_PREFIX_PATH=${CMAKE_PREFIX_PATH}:/opt/ros/humble CONDA_PROMPT_MODIFIER=(vision) /usr/local/bin/cmake --install /home/spaaaaace/Code/mid70/2025_radar_station/build/mindvision_camera
[0.540s] Level 1:colcon.colcon_core.environment:checking '/home/spaaaaace/Code/mid70/2025_radar_station/install/mindvision_camera' for CMake config files
[0.540s] Level 1:colcon.colcon_core.shell:create_environment_hook('mindvision_camera', 'cmake_prefix_path')
[0.541s] INFO:colcon.colcon_core.shell:Creating environment hook '/home/spaaaaace/Code/mid70/2025_radar_station/install/mindvision_camera/share/mindvision_camera/hook/cmake_prefix_path.ps1'
[0.541s] INFO:colcon.colcon_core.shell:Creating environment descriptor '/home/spaaaaace/Code/mid70/2025_radar_station/install/mindvision_camera/share/mindvision_camera/hook/cmake_prefix_path.dsv'
[0.542s] INFO:colcon.colcon_core.shell:Creating environment hook '/home/spaaaaace/Code/mid70/2025_radar_station/install/mindvision_camera/share/mindvision_camera/hook/cmake_prefix_path.sh'
[0.542s] Level 1:colcon.colcon_core.environment:checking '/home/spaaaaace/Code/mid70/2025_radar_station/install/mindvision_camera/lib'
[0.542s] Level 1:colcon.colcon_core.shell:create_environment_hook('mindvision_camera', 'ld_library_path_lib')
[0.543s] INFO:colcon.colcon_core.shell:Creating environment hook '/home/spaaaaace/Code/mid70/2025_radar_station/install/mindvision_camera/share/mindvision_camera/hook/ld_library_path_lib.ps1'
[0.543s] INFO:colcon.colcon_core.shell:Creating environment descriptor '/home/spaaaaace/Code/mid70/2025_radar_station/install/mindvision_camera/share/mindvision_camera/hook/ld_library_path_lib.dsv'
[0.544s] INFO:colcon.colcon_core.shell:Creating environment hook '/home/spaaaaace/Code/mid70/2025_radar_station/install/mindvision_camera/share/mindvision_camera/hook/ld_library_path_lib.sh'
[0.544s] Level 1:colcon.colcon_core.environment:checking '/home/spaaaaace/Code/mid70/2025_radar_station/install/mindvision_camera/bin'
[0.544s] Level 1:colcon.colcon_core.environment:checking '/home/spaaaaace/Code/mid70/2025_radar_station/install/mindvision_camera/lib/pkgconfig/mindvision_camera.pc'
[0.545s] Level 1:colcon.colcon_core.environment:checking '/home/spaaaaace/Code/mid70/2025_radar_station/install/mindvision_camera/lib/python3.10/site-packages'
[0.545s] Level 1:colcon.colcon_core.environment:checking '/home/spaaaaace/Code/mid70/2025_radar_station/install/mindvision_camera/bin'
[0.545s] INFO:colcon.colcon_core.shell:Creating package script '/home/spaaaaace/Code/mid70/2025_radar_station/install/mindvision_camera/share/mindvision_camera/package.ps1'
[0.546s] INFO:colcon.colcon_core.shell:Creating package descriptor '/home/spaaaaace/Code/mid70/2025_radar_station/install/mindvision_camera/share/mindvision_camera/package.dsv'
[0.546s] INFO:colcon.colcon_core.shell:Creating package script '/home/spaaaaace/Code/mid70/2025_radar_station/install/mindvision_camera/share/mindvision_camera/package.sh'
[0.547s] INFO:colcon.colcon_core.shell:Creating package script '/home/spaaaaace/Code/mid70/2025_radar_station/install/mindvision_camera/share/mindvision_camera/package.bash'
[0.547s] INFO:colcon.colcon_core.shell:Creating package script '/home/spaaaaace/Code/mid70/2025_radar_station/install/mindvision_camera/share/mindvision_camera/package.zsh'
[0.547s] Level 1:colcon.colcon_core.environment:create_file_with_runtime_dependencies(/home/spaaaaace/Code/mid70/2025_radar_station/install/mindvision_camera/share/colcon-core/packages/mindvision_camera)
[0.548s] Level 1:colcon.colcon_core.environment:create_environment_scripts_only(dji_action4_camera)
[0.548s] Level 1:colcon.colcon_core.environment:checking '/home/spaaaaace/Code/mid70/2025_radar_station/install/dji_action4_camera' for CMake module files
[0.549s] Level 1:colcon.colcon_core.environment:checking '/home/spaaaaace/Code/mid70/2025_radar_station/install/dji_action4_camera' for CMake config files
[0.549s] Level 1:colcon.colcon_core.shell:create_environment_hook('dji_action4_camera', 'cmake_prefix_path')
[0.549s] INFO:colcon.colcon_core.shell:Creating environment hook '/home/spaaaaace/Code/mid70/2025_radar_station/install/dji_action4_camera/share/dji_action4_camera/hook/cmake_prefix_path.ps1'
[0.549s] INFO:colcon.colcon_core.shell:Creating environment descriptor '/home/spaaaaace/Code/mid70/2025_radar_station/install/dji_action4_camera/share/dji_action4_camera/hook/cmake_prefix_path.dsv'
[0.550s] INFO:colcon.colcon_core.shell:Creating environment hook '/home/spaaaaace/Code/mid70/2025_radar_station/install/dji_action4_camera/share/dji_action4_camera/hook/cmake_prefix_path.sh'
[0.550s] Level 1:colcon.colcon_core.environment:checking '/home/spaaaaace/Code/mid70/2025_radar_station/install/dji_action4_camera/lib'
[0.550s] Level 1:colcon.colcon_core.environment:checking '/home/spaaaaace/Code/mid70/2025_radar_station/install/dji_action4_camera/bin'
[0.550s] Level 1:colcon.colcon_core.environment:checking '/home/spaaaaace/Code/mid70/2025_radar_station/install/dji_action4_camera/lib/pkgconfig/dji_action4_camera.pc'
[0.550s] Level 1:colcon.colcon_core.environment:checking '/home/spaaaaace/Code/mid70/2025_radar_station/install/dji_action4_camera/lib/python3.10/site-packages'
[0.550s] Level 1:colcon.colcon_core.environment:checking '/home/spaaaaace/Code/mid70/2025_radar_station/install/dji_action4_camera/bin'
[0.551s] INFO:colcon.colcon_core.shell:Creating package script '/home/spaaaaace/Code/mid70/2025_radar_station/install/dji_action4_camera/share/dji_action4_camera/package.ps1'
[0.551s] INFO:colcon.colcon_core.shell:Creating package descriptor '/home/spaaaaace/Code/mid70/2025_radar_station/install/dji_action4_camera/share/dji_action4_camera/package.dsv'
[0.551s] INFO:colcon.colcon_core.shell:Creating package script '/home/spaaaaace/Code/mid70/2025_radar_station/install/dji_action4_camera/share/dji_action4_camera/package.sh'
[0.551s] INFO:colcon.colcon_core.shell:Creating package script '/home/spaaaaace/Code/mid70/2025_radar_station/install/dji_action4_camera/share/dji_action4_camera/package.bash'
[0.552s] INFO:colcon.colcon_core.shell:Creating package script '/home/spaaaaace/Code/mid70/2025_radar_station/install/dji_action4_camera/share/dji_action4_camera/package.zsh'
[0.552s] Level 1:colcon.colcon_core.environment:create_file_with_runtime_dependencies(/home/spaaaaace/Code/mid70/2025_radar_station/install/dji_action4_camera/share/colcon-core/packages/dji_action4_camera)
[0.555s] Level 1:colcon.colcon_core.environment:create_environment_scripts_only(radar_world_calib)
[0.555s] Level 1:colcon.colcon_core.environment:checking '/home/spaaaaace/Code/mid70/2025_radar_station/install/radar_world_calib' for CMake module files
[0.555s] DEBUG:colcon.colcon_core.event_handler.log_command:Invoked command in '/home/spaaaaace/Code/mid70/2025_radar_station/build/radar_world_calib' returned '0': CMAKE_PREFIX_PATH=${CMAKE_PREFIX_PATH}:/opt/ros/humble CONDA_PROMPT_MODIFIER=(vision) /usr/local/bin/cmake --install /home/spaaaaace/Code/mid70/2025_radar_station/build/radar_world_calib
[0.556s] Level 1:colcon.colcon_core.environment:checking '/home/spaaaaace/Code/mid70/2025_radar_station/install/radar_world_calib' for CMake config files
[0.556s] Level 1:colcon.colcon_core.shell:create_environment_hook('radar_world_calib', 'cmake_prefix_path')
[0.556s] INFO:colcon.colcon_core.shell:Creating environment hook '/home/spaaaaace/Code/mid70/2025_radar_station/install/radar_world_calib/share/radar_world_calib/hook/cmake_prefix_path.ps1'
[0.557s] INFO:colcon.colcon_core.shell:Creating environment descriptor '/home/spaaaaace/Code/mid70/2025_radar_station/install/radar_world_calib/share/radar_world_calib/hook/cmake_prefix_path.dsv'
[0.557s] INFO:colcon.colcon_core.shell:Creating environment hook '/home/spaaaaace/Code/mid70/2025_radar_station/install/radar_world_calib/share/radar_world_calib/hook/cmake_prefix_path.sh'
[0.558s] Level 1:colcon.colcon_core.environment:checking '/home/spaaaaace/Code/mid70/2025_radar_station/install/radar_world_calib/lib'
[0.558s] Level 1:colcon.colcon_core.environment:checking '/home/spaaaaace/Code/mid70/2025_radar_station/install/radar_world_calib/bin'
[0.558s] Level 1:colcon.colcon_core.environment:checking '/home/spaaaaace/Code/mid70/2025_radar_station/install/radar_world_calib/lib/pkgconfig/radar_world_calib.pc'
[0.558s] Level 1:colcon.colcon_core.environment:checking '/home/spaaaaace/Code/mid70/2025_radar_station/install/radar_world_calib/lib/python3.10/site-packages'
[0.559s] Level 1:colcon.colcon_core.environment:checking '/home/spaaaaace/Code/mid70/2025_radar_station/install/radar_world_calib/bin'
[0.559s] INFO:colcon.colcon_core.shell:Creating package script '/home/spaaaaace/Code/mid70/2025_radar_station/install/radar_world_calib/share/radar_world_calib/package.ps1'
[0.560s] INFO:colcon.colcon_core.shell:Creating package descriptor '/home/spaaaaace/Code/mid70/2025_radar_station/install/radar_world_calib/share/radar_world_calib/package.dsv'
[0.560s] INFO:colcon.colcon_core.shell:Creating package script '/home/spaaaaace/Code/mid70/2025_radar_station/install/radar_world_calib/share/radar_world_calib/package.sh'
[0.560s] INFO:colcon.colcon_core.shell:Creating package script '/home/spaaaaace/Code/mid70/2025_radar_station/install/radar_world_calib/share/radar_world_calib/package.bash'
[0.561s] INFO:colcon.colcon_core.shell:Creating package script '/home/spaaaaace/Code/mid70/2025_radar_station/install/radar_world_calib/share/radar_world_calib/package.zsh'
[0.561s] Level 1:colcon.colcon_core.environment:create_file_with_runtime_dependencies(/home/spaaaaace/Code/mid70/2025_radar_station/install/radar_world_calib/share/colcon-core/packages/radar_world_calib)
[0.569s] Level 1:colcon.colcon_core.environment:create_environment_scripts_only(mindvision_camera)
[0.569s] Level 1:colcon.colcon_core.environment:checking '/home/spaaaaace/Code/mid70/2025_radar_station/install/mindvision_camera' for CMake module files
[0.570s] Level 1:colcon.colcon_core.environment:checking '/home/spaaaaace/Code/mid70/2025_radar_station/install/mindvision_camera' for CMake config files
[0.570s] Level 1:colcon.colcon_core.shell:create_environment_hook('mindvision_camera', 'cmake_prefix_path')
[0.570s] INFO:colcon.colcon_core.shell:Creating environment hook '/home/spaaaaace/Code/mid70/2025_radar_station/install/mindvision_camera/share/mindvision_camera/hook/cmake_prefix_path.ps1'
[0.571s] INFO:colcon.colcon_core.shell:Creating environment descriptor '/home/spaaaaace/Code/mid70/2025_radar_station/install/mindvision_camera/share/mindvision_camera/hook/cmake_prefix_path.dsv'
[0.572s] INFO:colcon.colcon_core.shell:Creating environment hook '/home/spaaaaace/Code/mid70/2025_radar_station/install/mindvision_camera/share/mindvision_camera/hook/cmake_prefix_path.sh'
[0.572s] Level 1:colcon.colcon_core.environment:checking '/home/spaaaaace/Code/mid70/2025_radar_station/install/mindvision_camera/lib'
[0.572s] Level 1:colcon.colcon_core.shell:create_environment_hook('mindvision_camera', 'ld_library_path_lib')
[0.573s] INFO:colcon.colcon_core.shell:Creating environment hook '/home/spaaaaace/Code/mid70/2025_radar_station/install/mindvision_camera/share/mindvision_camera/hook/ld_library_path_lib.ps1'
[0.573s] INFO:colcon.colcon_core.shell:Creating environment descriptor '/home/spaaaaace/Code/mid70/2025_radar_station/install/mindvision_camera/share/mindvision_camera/hook/ld_library_path_lib.dsv'
[0.573s] INFO:colcon.colcon_core.shell:Creating environment hook '/home/spaaaaace/Code/mid70/2025_radar_station/install/mindvision_camera/share/mindvision_camera/hook/ld_library_path_lib.sh'
[0.574s] Level 1:colcon.colcon_core.environment:checking '/home/spaaaaace/Code/mid70/2025_radar_station/install/mindvision_camera/bin'
[0.574s] Level 1:colcon.colcon_core.environment:checking '/home/spaaaaace/Code/mid70/2025_radar_station/install/mindvision_camera/lib/pkgconfig/mindvision_camera.pc'
[0.574s] Level 1:colcon.colcon_core.environment:checking '/home/spaaaaace/Code/mid70/2025_radar_station/install/mindvision_camera/lib/python3.10/site-packages'
[0.574s] Level 1:colcon.colcon_core.environment:checking '/home/spaaaaace/Code/mid70/2025_radar_station/install/mindvision_camera/bin'
[0.574s] INFO:colcon.colcon_core.shell:Creating package script '/home/spaaaaace/Code/mid70/2025_radar_station/install/mindvision_camera/share/mindvision_camera/package.ps1'
[0.574s] INFO:colcon.colcon_core.shell:Creating package descriptor '/home/spaaaaace/Code/mid70/2025_radar_station/install/mindvision_camera/share/mindvision_camera/package.dsv'
[0.575s] INFO:colcon.colcon_core.shell:Creating package script '/home/spaaaaace/Code/mid70/2025_radar_station/install/mindvision_camera/share/mindvision_camera/package.sh'
[0.575s] INFO:colcon.colcon_core.shell:Creating package script '/home/spaaaaace/Code/mid70/2025_radar_station/install/mindvision_camera/share/mindvision_camera/package.bash'
[0.575s] INFO:colcon.colcon_core.shell:Creating package script '/home/spaaaaace/Code/mid70/2025_radar_station/install/mindvision_camera/share/mindvision_camera/package.zsh'
[0.575s] Level 1:colcon.colcon_core.environment:create_file_with_runtime_dependencies(/home/spaaaaace/Code/mid70/2025_radar_station/install/mindvision_camera/share/colcon-core/packages/mindvision_camera)
[0.579s] Level 1:colcon.colcon_core.environment:create_environment_scripts_only(radar_world_calib)
[0.579s] Level 1:colcon.colcon_core.environment:checking '/home/spaaaaace/Code/mid70/2025_radar_station/install/radar_world_calib' for CMake module files
[0.580s] Level 1:colcon.colcon_core.environment:checking '/home/spaaaaace/Code/mid70/2025_radar_station/install/radar_world_calib' for CMake config files
[0.580s] Level 1:colcon.colcon_core.shell:create_environment_hook('radar_world_calib', 'cmake_prefix_path')
[0.580s] INFO:colcon.colcon_core.shell:Creating environment hook '/home/spaaaaace/Code/mid70/2025_radar_station/install/radar_world_calib/share/radar_world_calib/hook/cmake_prefix_path.ps1'
[0.581s] INFO:colcon.colcon_core.shell:Creating environment descriptor '/home/spaaaaace/Code/mid70/2025_radar_station/install/radar_world_calib/share/radar_world_calib/hook/cmake_prefix_path.dsv'
[0.581s] INFO:colcon.colcon_core.shell:Creating environment hook '/home/spaaaaace/Code/mid70/2025_radar_station/install/radar_world_calib/share/radar_world_calib/hook/cmake_prefix_path.sh'
[0.582s] Level 1:colcon.colcon_core.environment:checking '/home/spaaaaace/Code/mid70/2025_radar_station/install/radar_world_calib/lib'
[0.582s] Level 1:colcon.colcon_core.environment:checking '/home/spaaaaace/Code/mid70/2025_radar_station/install/radar_world_calib/bin'
[0.582s] Level 1:colcon.colcon_core.environment:checking '/home/spaaaaace/Code/mid70/2025_radar_station/install/radar_world_calib/lib/pkgconfig/radar_world_calib.pc'
[0.583s] Level 1:colcon.colcon_core.environment:checking '/home/spaaaaace/Code/mid70/2025_radar_station/install/radar_world_calib/lib/python3.10/site-packages'
[0.583s] Level 1:colcon.colcon_core.environment:checking '/home/spaaaaace/Code/mid70/2025_radar_station/install/radar_world_calib/bin'
[0.583s] INFO:colcon.colcon_core.shell:Creating package script '/home/spaaaaace/Code/mid70/2025_radar_station/install/radar_world_calib/share/radar_world_calib/package.ps1'
[0.584s] INFO:colcon.colcon_core.shell:Creating package descriptor '/home/spaaaaace/Code/mid70/2025_radar_station/install/radar_world_calib/share/radar_world_calib/package.dsv'
[0.584s] INFO:colcon.colcon_core.shell:Creating package script '/home/spaaaaace/Code/mid70/2025_radar_station/install/radar_world_calib/share/radar_world_calib/package.sh'
[0.584s] INFO:colcon.colcon_core.shell:Creating package script '/home/spaaaaace/Code/mid70/2025_radar_station/install/radar_world_calib/share/radar_world_calib/package.bash'
[0.584s] INFO:colcon.colcon_core.shell:Creating package script '/home/spaaaaace/Code/mid70/2025_radar_station/install/radar_world_calib/share/radar_world_calib/package.zsh'
[0.584s] Level 1:colcon.colcon_core.environment:create_file_with_runtime_dependencies(/home/spaaaaace/Code/mid70/2025_radar_station/install/radar_world_calib/share/colcon-core/packages/radar_world_calib)
[0.740s] DEBUG:colcon.colcon_core.event_handler.log_command:Invoked command in '/home/spaaaaace/Code/mid70/2025_radar_station/build/radar_station_interface' returned '0': CMAKE_PREFIX_PATH=${CMAKE_PREFIX_PATH}:/opt/ros/humble CONDA_PROMPT_MODIFIER=(vision) /usr/local/bin/cmake --build /home/spaaaaace/Code/mid70/2025_radar_station/build/radar_station_interface -- -j22 -l22
[0.754s] DEBUG:colcon.colcon_core.event_handler.log_command:Invoked command in '/home/spaaaaace/Code/mid70/2025_radar_station/build/livox_interfaces' returned '0': CMAKE_PREFIX_PATH=${CMAKE_PREFIX_PATH}:/opt/ros/humble CONDA_PROMPT_MODIFIER=(vision) /usr/local/bin/cmake --build /home/spaaaaace/Code/mid70/2025_radar_station/build/livox_interfaces -- -j22 -l22
[0.805s] DEBUG:colcon.colcon_core.event_handler.log_command:Invoking command in '/home/spaaaaace/Code/mid70/2025_radar_station/build/radar_station_interface': CMAKE_PREFIX_PATH=${CMAKE_PREFIX_PATH}:/opt/ros/humble CONDA_PROMPT_MODIFIER=(vision) /usr/local/bin/cmake --install /home/spaaaaace/Code/mid70/2025_radar_station/build/radar_station_interface
[0.817s] DEBUG:colcon.colcon_core.event_handler.log_command:Invoking command in '/home/spaaaaace/Code/mid70/2025_radar_station/build/livox_interfaces': CMAKE_PREFIX_PATH=${CMAKE_PREFIX_PATH}:/opt/ros/humble CONDA_PROMPT_MODIFIER=(vision) /usr/local/bin/cmake --install /home/spaaaaace/Code/mid70/2025_radar_station/build/livox_interfaces
[0.849s] Level 1:colcon.colcon_core.environment:create_environment_scripts_only(radar_station_interface)
[0.849s] Level 1:colcon.colcon_core.environment:checking '/home/spaaaaace/Code/mid70/2025_radar_station/install/radar_station_interface' for CMake module files
[0.850s] DEBUG:colcon.colcon_core.event_handler.log_command:Invoked command in '/home/spaaaaace/Code/mid70/2025_radar_station/build/radar_station_interface' returned '0': CMAKE_PREFIX_PATH=${CMAKE_PREFIX_PATH}:/opt/ros/humble CONDA_PROMPT_MODIFIER=(vision) /usr/local/bin/cmake --install /home/spaaaaace/Code/mid70/2025_radar_station/build/radar_station_interface
[0.851s] Level 1:colcon.colcon_core.environment:checking '/home/spaaaaace/Code/mid70/2025_radar_station/install/radar_station_interface' for CMake config files
[0.855s] Level 1:colcon.colcon_core.shell:create_environment_hook('radar_station_interface', 'cmake_prefix_path')
[0.855s] INFO:colcon.colcon_core.shell:Creating environment hook '/home/spaaaaace/Code/mid70/2025_radar_station/install/radar_station_interface/share/radar_station_interface/hook/cmake_prefix_path.ps1'
[0.856s] INFO:colcon.colcon_core.shell:Creating environment descriptor '/home/spaaaaace/Code/mid70/2025_radar_station/install/radar_station_interface/share/radar_station_interface/hook/cmake_prefix_path.dsv'
[0.856s] INFO:colcon.colcon_core.shell:Creating environment hook '/home/spaaaaace/Code/mid70/2025_radar_station/install/radar_station_interface/share/radar_station_interface/hook/cmake_prefix_path.sh'
[0.856s] Level 1:colcon.colcon_core.environment:checking '/home/spaaaaace/Code/mid70/2025_radar_station/install/radar_station_interface/lib'
[0.856s] Level 1:colcon.colcon_core.shell:create_environment_hook('radar_station_interface', 'ld_library_path_lib')
[0.857s] INFO:colcon.colcon_core.shell:Creating environment hook '/home/spaaaaace/Code/mid70/2025_radar_station/install/radar_station_interface/share/radar_station_interface/hook/ld_library_path_lib.ps1'
[0.857s] INFO:colcon.colcon_core.shell:Creating environment descriptor '/home/spaaaaace/Code/mid70/2025_radar_station/install/radar_station_interface/share/radar_station_interface/hook/ld_library_path_lib.dsv'
[0.857s] INFO:colcon.colcon_core.shell:Creating environment hook '/home/spaaaaace/Code/mid70/2025_radar_station/install/radar_station_interface/share/radar_station_interface/hook/ld_library_path_lib.sh'
[0.857s] Level 1:colcon.colcon_core.environment:checking '/home/spaaaaace/Code/mid70/2025_radar_station/install/radar_station_interface/bin'
[0.857s] Level 1:colcon.colcon_core.environment:checking '/home/spaaaaace/Code/mid70/2025_radar_station/install/radar_station_interface/lib/pkgconfig/radar_station_interface.pc'
[0.857s] Level 1:colcon.colcon_core.environment:checking '/home/spaaaaace/Code/mid70/2025_radar_station/install/radar_station_interface/lib/python3.10/site-packages'
[0.857s] Level 1:colcon.colcon_core.environment:checking '/home/spaaaaace/Code/mid70/2025_radar_station/install/radar_station_interface/bin'
[0.858s] INFO:colcon.colcon_core.shell:Creating package script '/home/spaaaaace/Code/mid70/2025_radar_station/install/radar_station_interface/share/radar_station_interface/package.ps1'
[0.858s] INFO:colcon.colcon_core.shell:Creating package descriptor '/home/spaaaaace/Code/mid70/2025_radar_station/install/radar_station_interface/share/radar_station_interface/package.dsv'
[0.858s] INFO:colcon.colcon_core.shell:Creating package script '/home/spaaaaace/Code/mid70/2025_radar_station/install/radar_station_interface/share/radar_station_interface/package.sh'
[0.858s] INFO:colcon.colcon_core.shell:Creating package script '/home/spaaaaace/Code/mid70/2025_radar_station/install/radar_station_interface/share/radar_station_interface/package.bash'
[0.859s] INFO:colcon.colcon_core.shell:Creating package script '/home/spaaaaace/Code/mid70/2025_radar_station/install/radar_station_interface/share/radar_station_interface/package.zsh'
[0.859s] Level 1:colcon.colcon_core.environment:create_file_with_runtime_dependencies(/home/spaaaaace/Code/mid70/2025_radar_station/install/radar_station_interface/share/colcon-core/packages/radar_station_interface)
[0.860s] Level 1:colcon.colcon_core.environment:create_environment_scripts_only(livox_interfaces)
[0.860s] Level 1:colcon.colcon_core.environment:checking '/home/spaaaaace/Code/mid70/2025_radar_station/install/livox_interfaces' for CMake module files
[0.861s] DEBUG:colcon.colcon_core.event_handler.log_command:Invoked command in '/home/spaaaaace/Code/mid70/2025_radar_station/build/livox_interfaces' returned '0': CMAKE_PREFIX_PATH=${CMAKE_PREFIX_PATH}:/opt/ros/humble CONDA_PROMPT_MODIFIER=(vision) /usr/local/bin/cmake --install /home/spaaaaace/Code/mid70/2025_radar_station/build/livox_interfaces
[0.861s] Level 1:colcon.colcon_core.environment:checking '/home/spaaaaace/Code/mid70/2025_radar_station/install/livox_interfaces' for CMake config files
[0.862s] Level 1:colcon.colcon_core.shell:create_environment_hook('livox_interfaces', 'cmake_prefix_path')
[0.862s] INFO:colcon.colcon_core.shell:Creating environment hook '/home/spaaaaace/Code/mid70/2025_radar_station/install/livox_interfaces/share/livox_interfaces/hook/cmake_prefix_path.ps1'
[0.863s] INFO:colcon.colcon_core.shell:Creating environment descriptor '/home/spaaaaace/Code/mid70/2025_radar_station/install/livox_interfaces/share/livox_interfaces/hook/cmake_prefix_path.dsv'
[0.863s] INFO:colcon.colcon_core.shell:Creating environment hook '/home/spaaaaace/Code/mid70/2025_radar_station/install/livox_interfaces/share/livox_interfaces/hook/cmake_prefix_path.sh'
[0.863s] Level 1:colcon.colcon_core.environment:checking '/home/spaaaaace/Code/mid70/2025_radar_station/install/livox_interfaces/lib'
[0.864s] Level 1:colcon.colcon_core.shell:create_environment_hook('livox_interfaces', 'ld_library_path_lib')
[0.864s] INFO:colcon.colcon_core.shell:Creating environment hook '/home/spaaaaace/Code/mid70/2025_radar_station/install/livox_interfaces/share/livox_interfaces/hook/ld_library_path_lib.ps1'
[0.864s] INFO:colcon.colcon_core.shell:Creating environment descriptor '/home/spaaaaace/Code/mid70/2025_radar_station/install/livox_interfaces/share/livox_interfaces/hook/ld_library_path_lib.dsv'
[0.864s] INFO:colcon.colcon_core.shell:Creating environment hook '/home/spaaaaace/Code/mid70/2025_radar_station/install/livox_interfaces/share/livox_interfaces/hook/ld_library_path_lib.sh'
[0.865s] Level 1:colcon.colcon_core.environment:checking '/home/spaaaaace/Code/mid70/2025_radar_station/install/livox_interfaces/bin'
[0.865s] Level 1:colcon.colcon_core.environment:checking '/home/spaaaaace/Code/mid70/2025_radar_station/install/livox_interfaces/lib/pkgconfig/livox_interfaces.pc'
[0.865s] Level 1:colcon.colcon_core.environment:checking '/home/spaaaaace/Code/mid70/2025_radar_station/install/livox_interfaces/lib/python3.10/site-packages'
[0.865s] Level 1:colcon.colcon_core.environment:checking '/home/spaaaaace/Code/mid70/2025_radar_station/install/livox_interfaces/bin'
[0.866s] INFO:colcon.colcon_core.shell:Creating package script '/home/spaaaaace/Code/mid70/2025_radar_station/install/livox_interfaces/share/livox_interfaces/package.ps1'
[0.866s] INFO:colcon.colcon_core.shell:Creating package descriptor '/home/spaaaaace/Code/mid70/2025_radar_station/install/livox_interfaces/share/livox_interfaces/package.dsv'
[0.867s] INFO:colcon.colcon_core.shell:Creating package script '/home/spaaaaace/Code/mid70/2025_radar_station/install/livox_interfaces/share/livox_interfaces/package.sh'
[0.867s] INFO:colcon.colcon_core.shell:Creating package script '/home/spaaaaace/Code/mid70/2025_radar_station/install/livox_interfaces/share/livox_interfaces/package.bash'
[0.867s] INFO:colcon.colcon_core.shell:Creating package script '/home/spaaaaace/Code/mid70/2025_radar_station/install/livox_interfaces/share/livox_interfaces/package.zsh'
[0.868s] Level 1:colcon.colcon_core.environment:create_file_with_runtime_dependencies(/home/spaaaaace/Code/mid70/2025_radar_station/install/livox_interfaces/share/colcon-core/packages/livox_interfaces)
[0.926s] Level 1:colcon.colcon_core.environment:create_environment_scripts_only(radar_station_interface)
[0.927s] Level 1:colcon.colcon_core.environment:checking '/home/spaaaaace/Code/mid70/2025_radar_station/install/radar_station_interface' for CMake module files
[0.927s] Level 1:colcon.colcon_core.environment:checking '/home/spaaaaace/Code/mid70/2025_radar_station/install/radar_station_interface' for CMake config files
[0.928s] Level 1:colcon.colcon_core.shell:create_environment_hook('radar_station_interface', 'cmake_prefix_path')
[0.928s] INFO:colcon.colcon_core.shell:Creating environment hook '/home/spaaaaace/Code/mid70/2025_radar_station/install/radar_station_interface/share/radar_station_interface/hook/cmake_prefix_path.ps1'
[0.928s] INFO:colcon.colcon_core.shell:Creating environment descriptor '/home/spaaaaace/Code/mid70/2025_radar_station/install/radar_station_interface/share/radar_station_interface/hook/cmake_prefix_path.dsv'
[0.929s] INFO:colcon.colcon_core.shell:Creating environment hook '/home/spaaaaace/Code/mid70/2025_radar_station/install/radar_station_interface/share/radar_station_interface/hook/cmake_prefix_path.sh'
[0.929s] Level 1:colcon.colcon_core.environment:checking '/home/spaaaaace/Code/mid70/2025_radar_station/install/radar_station_interface/lib'
[0.929s] Level 1:colcon.colcon_core.shell:create_environment_hook('radar_station_interface', 'ld_library_path_lib')
[0.929s] INFO:colcon.colcon_core.shell:Creating environment hook '/home/spaaaaace/Code/mid70/2025_radar_station/install/radar_station_interface/share/radar_station_interface/hook/ld_library_path_lib.ps1'
[0.929s] INFO:colcon.colcon_core.shell:Creating environment descriptor '/home/spaaaaace/Code/mid70/2025_radar_station/install/radar_station_interface/share/radar_station_interface/hook/ld_library_path_lib.dsv'
[0.929s] INFO:colcon.colcon_core.shell:Creating environment hook '/home/spaaaaace/Code/mid70/2025_radar_station/install/radar_station_interface/share/radar_station_interface/hook/ld_library_path_lib.sh'
[0.930s] Level 1:colcon.colcon_core.environment:checking '/home/spaaaaace/Code/mid70/2025_radar_station/install/radar_station_interface/bin'
[0.930s] Level 1:colcon.colcon_core.environment:checking '/home/spaaaaace/Code/mid70/2025_radar_station/install/radar_station_interface/lib/pkgconfig/radar_station_interface.pc'
[0.930s] Level 1:colcon.colcon_core.environment:checking '/home/spaaaaace/Code/mid70/2025_radar_station/install/radar_station_interface/lib/python3.10/site-packages'
[0.930s] Level 1:colcon.colcon_core.environment:checking '/home/spaaaaace/Code/mid70/2025_radar_station/install/radar_station_interface/bin'
[0.930s] INFO:colcon.colcon_core.shell:Creating package script '/home/spaaaaace/Code/mid70/2025_radar_station/install/radar_station_interface/share/radar_station_interface/package.ps1'
[0.931s] INFO:colcon.colcon_core.shell:Creating package descriptor '/home/spaaaaace/Code/mid70/2025_radar_station/install/radar_station_interface/share/radar_station_interface/package.dsv'
[0.931s] INFO:colcon.colcon_core.shell:Creating package script '/home/spaaaaace/Code/mid70/2025_radar_station/install/radar_station_interface/share/radar_station_interface/package.sh'
[0.931s] INFO:colcon.colcon_core.shell:Creating package script '/home/spaaaaace/Code/mid70/2025_radar_station/install/radar_station_interface/share/radar_station_interface/package.bash'
[0.931s] INFO:colcon.colcon_core.shell:Creating package script '/home/spaaaaace/Code/mid70/2025_radar_station/install/radar_station_interface/share/radar_station_interface/package.zsh'
[0.931s] Level 1:colcon.colcon_core.environment:create_file_with_runtime_dependencies(/home/spaaaaace/Code/mid70/2025_radar_station/install/radar_station_interface/share/colcon-core/packages/radar_station_interface)
[0.932s] INFO:colcon.colcon_ros.task.ament_cmake.build:Building ROS package in '/home/spaaaaace/Code/mid70/2025_radar_station/src/radar_station' with build type 'ament_cmake'
[0.932s] INFO:colcon.colcon_cmake.task.cmake.build:Building CMake package in '/home/spaaaaace/Code/mid70/2025_radar_station/src/radar_station'
[0.932s] INFO:colcon.colcon_core.shell:Skip shell extension 'powershell' for command environment: Not usable outside of PowerShell
[0.932s] DEBUG:colcon.colcon_core.shell:Skip shell extension 'dsv' for command environment
[0.936s] INFO:colcon.colcon_ros.task.ament_cmake.build:Building ROS package in '/home/spaaaaace/Code/mid70/2025_radar_station/src/robot_tracker' with build type 'ament_cmake'
[0.936s] INFO:colcon.colcon_cmake.task.cmake.build:Building CMake package in '/home/spaaaaace/Code/mid70/2025_radar_station/src/robot_tracker'
[0.936s] INFO:colcon.colcon_core.shell:Skip shell extension 'powershell' for command environment: Not usable outside of PowerShell
[0.936s] DEBUG:colcon.colcon_core.shell:Skip shell extension 'dsv' for command environment
[0.941s] Level 1:colcon.colcon_core.environment:create_environment_scripts_only(livox_interfaces)
[0.942s] Level 1:colcon.colcon_core.environment:checking '/home/spaaaaace/Code/mid70/2025_radar_station/install/livox_interfaces' for CMake module files
[0.942s] Level 1:colcon.colcon_core.environment:checking '/home/spaaaaace/Code/mid70/2025_radar_station/install/livox_interfaces' for CMake config files
[0.943s] Level 1:colcon.colcon_core.shell:create_environment_hook('livox_interfaces', 'cmake_prefix_path')
[0.943s] INFO:colcon.colcon_core.shell:Creating environment hook '/home/spaaaaace/Code/mid70/2025_radar_station/install/livox_interfaces/share/livox_interfaces/hook/cmake_prefix_path.ps1'
[0.944s] INFO:colcon.colcon_core.shell:Creating environment descriptor '/home/spaaaaace/Code/mid70/2025_radar_station/install/livox_interfaces/share/livox_interfaces/hook/cmake_prefix_path.dsv'
[0.944s] INFO:colcon.colcon_core.shell:Creating environment hook '/home/spaaaaace/Code/mid70/2025_radar_station/install/livox_interfaces/share/livox_interfaces/hook/cmake_prefix_path.sh'
[0.945s] Level 1:colcon.colcon_core.environment:checking '/home/spaaaaace/Code/mid70/2025_radar_station/install/livox_interfaces/lib'
[0.945s] Level 1:colcon.colcon_core.shell:create_environment_hook('livox_interfaces', 'ld_library_path_lib')
[0.945s] INFO:colcon.colcon_core.shell:Creating environment hook '/home/spaaaaace/Code/mid70/2025_radar_station/install/livox_interfaces/share/livox_interfaces/hook/ld_library_path_lib.ps1'
[0.946s] INFO:colcon.colcon_core.shell:Creating environment descriptor '/home/spaaaaace/Code/mid70/2025_radar_station/install/livox_interfaces/share/livox_interfaces/hook/ld_library_path_lib.dsv'
[0.946s] INFO:colcon.colcon_core.shell:Creating environment hook '/home/spaaaaace/Code/mid70/2025_radar_station/install/livox_interfaces/share/livox_interfaces/hook/ld_library_path_lib.sh'
[0.947s] Level 1:colcon.colcon_core.environment:checking '/home/spaaaaace/Code/mid70/2025_radar_station/install/livox_interfaces/bin'
[0.947s] Level 1:colcon.colcon_core.environment:checking '/home/spaaaaace/Code/mid70/2025_radar_station/install/livox_interfaces/lib/pkgconfig/livox_interfaces.pc'
[0.947s] Level 1:colcon.colcon_core.environment:checking '/home/spaaaaace/Code/mid70/2025_radar_station/install/livox_interfaces/lib/python3.10/site-packages'
[0.947s] Level 1:colcon.colcon_core.environment:checking '/home/spaaaaace/Code/mid70/2025_radar_station/install/livox_interfaces/bin'
[0.947s] INFO:colcon.colcon_core.shell:Creating package script '/home/spaaaaace/Code/mid70/2025_radar_station/install/livox_interfaces/share/livox_interfaces/package.ps1'
[0.948s] INFO:colcon.colcon_core.shell:Creating package descriptor '/home/spaaaaace/Code/mid70/2025_radar_station/install/livox_interfaces/share/livox_interfaces/package.dsv'
[0.948s] INFO:colcon.colcon_core.shell:Creating package script '/home/spaaaaace/Code/mid70/2025_radar_station/install/livox_interfaces/share/livox_interfaces/package.sh'
[0.948s] INFO:colcon.colcon_core.shell:Creating package script '/home/spaaaaace/Code/mid70/2025_radar_station/install/livox_interfaces/share/livox_interfaces/package.bash'
[0.949s] INFO:colcon.colcon_core.shell:Creating package script '/home/spaaaaace/Code/mid70/2025_radar_station/install/livox_interfaces/share/livox_interfaces/package.zsh'
[0.949s] Level 1:colcon.colcon_core.environment:create_file_with_runtime_dependencies(/home/spaaaaace/Code/mid70/2025_radar_station/install/livox_interfaces/share/colcon-core/packages/livox_interfaces)
[0.952s] DEBUG:colcon.colcon_core.event_handler.log_command:Invoking command in '/home/spaaaaace/Code/mid70/2025_radar_station/build/radar_station': AMENT_PREFIX_PATH=/home/spaaaaace/Code/mid70/2025_radar_station/install/radar_station_interface:${AMENT_PREFIX_PATH} CMAKE_PREFIX_PATH=/home/spaaaaace/Code/mid70/2025_radar_station/install/radar_station_interface:/home/spaaaaace/env/MicroROS-Agent/microros_ws/install/micro_ros_agent:/home/spaaaaace/env/MicroROS-Agent/microros_ws/install/micro_ros_msgs:/usr/local:/usr/local:/opt/ros/humble CONDA_PROMPT_MODIFIER=(vision) LD_LIBRARY_PATH=/home/spaaaaace/Code/mid70/2025_radar_station/install/radar_station_interface/lib:${LD_LIBRARY_PATH} PYTHONPATH=/home/spaaaaace/Code/mid70/2025_radar_station/install/radar_station_interface/lib/python3.8/site-packages:${PYTHONPATH} /usr/local/bin/cmake /home/spaaaaace/Code/mid70/2025_radar_station/src/radar_station -DCMAKE_INSTALL_PREFIX=/home/spaaaaace/Code/mid70/2025_radar_station/install/radar_station
[0.953s] DEBUG:colcon.colcon_core.event_handler.log_command:Invoking command in '/home/spaaaaace/Code/mid70/2025_radar_station/build/robot_tracker': AMENT_PREFIX_PATH=/home/spaaaaace/Code/mid70/2025_radar_station/install/radar_station_interface:${AMENT_PREFIX_PATH} CMAKE_PREFIX_PATH=/home/spaaaaace/Code/mid70/2025_radar_station/install/radar_station_interface:/home/spaaaaace/env/MicroROS-Agent/microros_ws/install/micro_ros_agent:/home/spaaaaace/env/MicroROS-Agent/microros_ws/install/micro_ros_msgs:/usr/local:/usr/local:/opt/ros/humble CONDA_PROMPT_MODIFIER=(vision) LD_LIBRARY_PATH=/home/spaaaaace/Code/mid70/2025_radar_station/install/radar_station_interface/lib:${LD_LIBRARY_PATH} PYTHONPATH=/home/spaaaaace/Code/mid70/2025_radar_station/install/radar_station_interface/lib/python3.8/site-packages:${PYTHONPATH} /usr/local/bin/cmake /home/spaaaaace/Code/mid70/2025_radar_station/src/robot_tracker -DCMAKE_INSTALL_PREFIX=/home/spaaaaace/Code/mid70/2025_radar_station/install/robot_tracker
[2.017s] DEBUG:colcon.colcon_core.event_handler.log_command:Invoked command in '/home/spaaaaace/Code/mid70/2025_radar_station/build/onnx_test' returned '1': CMAKE_PREFIX_PATH=${CMAKE_PREFIX_PATH}:/opt/ros/humble CONDA_PROMPT_MODIFIER=(vision) /usr/local/bin/cmake /home/spaaaaace/Code/mid70/2025_radar_station/src/onnx_test -DCMAKE_INSTALL_PREFIX=/home/spaaaaace/Code/mid70/2025_radar_station/install/onnx_test
[2.023s] Level 1:colcon.colcon_core.environment:create_environment_scripts_only(onnx_test)
[2.024s] Level 1:colcon.colcon_core.environment:checking '/home/spaaaaace/Code/mid70/2025_radar_station/install/onnx_test' for CMake module files
[2.024s] Level 1:colcon.colcon_core.environment:checking '/home/spaaaaace/Code/mid70/2025_radar_station/install/onnx_test' for CMake config files
[2.024s] Level 1:colcon.colcon_core.environment:checking '/home/spaaaaace/Code/mid70/2025_radar_station/install/onnx_test/bin'
[2.025s] Level 1:colcon.colcon_core.environment:checking '/home/spaaaaace/Code/mid70/2025_radar_station/install/onnx_test/lib/pkgconfig/onnx_test.pc'
[2.025s] Level 1:colcon.colcon_core.environment:checking '/home/spaaaaace/Code/mid70/2025_radar_station/install/onnx_test/lib/python3.10/site-packages'
[2.025s] Level 1:colcon.colcon_core.environment:checking '/home/spaaaaace/Code/mid70/2025_radar_station/install/onnx_test/bin'
[2.025s] INFO:colcon.colcon_core.shell:Creating package script '/home/spaaaaace/Code/mid70/2025_radar_station/install/onnx_test/share/onnx_test/package.ps1'
[2.026s] INFO:colcon.colcon_core.shell:Creating package descriptor '/home/spaaaaace/Code/mid70/2025_radar_station/install/onnx_test/share/onnx_test/package.dsv'
[2.026s] INFO:colcon.colcon_core.shell:Creating package script '/home/spaaaaace/Code/mid70/2025_radar_station/install/onnx_test/share/onnx_test/package.sh'
[2.027s] INFO:colcon.colcon_core.shell:Creating package script '/home/spaaaaace/Code/mid70/2025_radar_station/install/onnx_test/share/onnx_test/package.bash'
[2.027s] INFO:colcon.colcon_core.shell:Creating package script '/home/spaaaaace/Code/mid70/2025_radar_station/install/onnx_test/share/onnx_test/package.zsh'
[2.027s] Level 1:colcon.colcon_core.environment:create_file_with_runtime_dependencies(/home/spaaaaace/Code/mid70/2025_radar_station/install/onnx_test/share/colcon-core/packages/onnx_test)
[7.402s] DEBUG:colcon.colcon_parallel_executor.executor.parallel:closing loop
[7.402s] DEBUG:colcon.colcon_parallel_executor.executor.parallel:loop closed
[7.402s] DEBUG:colcon.colcon_parallel_executor.executor.parallel:run_until_complete finished with '1'
[7.402s] DEBUG:colcon.colcon_core.event_reactor:joining thread
[7.407s] INFO:colcon.colcon_core.plugin_system:Skipping extension 'colcon_notification.desktop_notification.terminal_notifier': Not used on non-Darwin systems
[7.407s] INFO:colcon.colcon_core.plugin_system:Skipping extension 'colcon_notification.desktop_notification.win32': Not used on non-Windows systems
[7.407s] INFO:colcon.colcon_notification.desktop_notification:Sending desktop notification using 'notify2'
[7.416s] DEBUG:colcon.colcon_core.event_reactor:joined thread
[7.416s] INFO:colcon.colcon_core.shell:Creating prefix script '/home/spaaaaace/Code/mid70/2025_radar_station/install/local_setup.ps1'
[7.418s] INFO:colcon.colcon_core.shell:Creating prefix util module '/home/spaaaaace/Code/mid70/2025_radar_station/install/_local_setup_util_ps1.py'
[7.419s] INFO:colcon.colcon_core.shell:Creating prefix chain script '/home/spaaaaace/Code/mid70/2025_radar_station/install/setup.ps1'
[7.420s] INFO:colcon.colcon_core.shell:Creating prefix script '/home/spaaaaace/Code/mid70/2025_radar_station/install/local_setup.sh'
[7.421s] INFO:colcon.colcon_core.shell:Creating prefix util module '/home/spaaaaace/Code/mid70/2025_radar_station/install/_local_setup_util_sh.py'
[7.422s] INFO:colcon.colcon_core.shell:Creating prefix chain script '/home/spaaaaace/Code/mid70/2025_radar_station/install/setup.sh'
[7.423s] INFO:colcon.colcon_core.shell:Creating prefix script '/home/spaaaaace/Code/mid70/2025_radar_station/install/local_setup.bash'
[7.423s] INFO:colcon.colcon_core.shell:Creating prefix chain script '/home/spaaaaace/Code/mid70/2025_radar_station/install/setup.bash'
[7.425s] INFO:colcon.colcon_core.shell:Creating prefix script '/home/spaaaaace/Code/mid70/2025_radar_station/install/local_setup.zsh'
[7.425s] INFO:colcon.colcon_core.shell:Creating prefix chain script '/home/spaaaaace/Code/mid70/2025_radar_station/install/setup.zsh'
